Currency,Strike,Total_GEX,Total_Abs_Gamma,Daily_Call_Settle,Daily_Call_OI,Daily_Put_Settle,Daily_Put_OI,Global_Call_OI,Global_Put_OI,R68_High,R68_Low,R95_High,R95_Low,Global_Month,Daily_Month,Daily_Expiry,Global_Expiry,Futures_Spot,Gamma_Flip,Gamma_Flip_Status,Quality_Status,Quality_Reasons,Series_Catalog_Version,Spot_Source,Spot_Reference_Month,Spot_Month_Sources,Spot_Observed_Values,Spot_Fallback_Details,IV_Source,IV_Expiry,IV_DTE,IV_Input_Rows,IV_Reference_Strike,IV_Fallback_Reason,Input_Rows,Used_Rows,Excluded_Unknown_Rows,Excluded_Unresolved_Expiry_Rows,Excluded_Expired_Rows,Unknown_Option_Types,Estimated_Expiry_Types,Anomaly_Status,Anomaly_Codes,Anomaly_Details,Anomaly_Baseline_Date
EUR,0.91,0.0,0.0,0.0,0.0,0.0,0.0,0.0,0.0,1.159065846962074,1.1525341530379263,1.162331693924148,1.1492683060758524,SEP26,AUG26,2026-08-11,2026-09-04,1.1558000000000002,1.1536542737353404,FOUND,WARN,UNKNOWN_SERIES;ESTIMATED_EXPIRY_ALIAS,2026-08-02.2,PUT_CALL_PARITY,AUG26,AUG26=PUT_CALL_PARITY;DEC26=PUT_CALL_PARITY;NOV26=PUT_CALL_PARITY;JAN27=PUT_CALL_PARITY;OCT26=PUT_CALL_PARITY;SEP26=PUT_CALL_PARITY;FEB27=PUT_CALL_PARITY;MAR27=PUT_CALL_PARITY;APR27=PUT_CALL_PARITY;JUN27=PUT_CALL_PARITY;MAY27=PUT_CALL_PARITY;JUL27=PUT_CALL_PARITY;SEP27=SERIES_FORWARD_CLUSTER;DEC27=SERIES_FORWARD_CLUSTER;JUN28=SERIES_FORWARD_CLUSTER;MAR28=SERIES_FORWARD_CLUSTER,AUG26=1.1558;DEC26=1.1599;NOV26=1.15995;JAN27=1.16445;OCT26=1.15995;SEP26=1.15585;FEB27=1.1641;MAR27=1.1641;APR27=1.16815;JUN27=1.16795;MAY27=1.1681;JUL27=1.17195;SEP27=1.0637;DEC27=1.1295;JUN28=1.1122;MAR28=1.2003,NONE,WEIGHTED_ATM,2026-08-21,8,36,0.0,NONE,1921,958,6,0,70,6H;CFW,MEM;SEC;TEC;WEC,OK,NONE,NONE,2026-08-10
EUR,0.93,0.0,0.0,0.0,0.0,0.0,0.0,0.0,0.0,1.159065846962074,1.1525341530379263,1.162331693924148,1.1492683060758524,SEP26,AUG26,2026-08-11,2026-09-04,1.1558000000000002,1.1536542737353404,FOUND,WARN,UNKNOWN_SERIES;ESTIMATED_EXPIRY_ALIAS,2026-08-02.2,PUT_CALL_PARITY,AUG26,AUG26=PUT_CALL_PARITY;DEC26=PUT_CALL_PARITY;NOV26=PUT_CALL_PARITY;JAN27=PUT_CALL_PARITY;OCT26=PUT_CALL_PARITY;SEP26=PUT_CALL_PARITY;FEB27=PUT_CALL_PARITY;MAR27=PUT_CALL_PARITY;APR27=PUT_CALL_PARITY;JUN27=PUT_CALL_PARITY;MAY27=PUT_CALL_PARITY;JUL27=PUT_CALL_PARITY;SEP27=SERIES_FORWARD_CLUSTER;DEC27=SERIES_FORWARD_CLUSTER;JUN28=SERIES_FORWARD_CLUSTER;MAR28=SERIES_FORWARD_CLUSTER,AUG26=1.1558;DEC26=1.1599;NOV26=1.15995;JAN27=1.16445;OCT26=1.15995;SEP26=1.15585;FEB27=1.1641;MAR27=1.1641;APR27=1.16815;JUN27=1.16795;MAY27=1.1681;JUL27=1.17195;SEP27=1.0637;DEC27=1.1295;JUN28=1.1122;MAR28=1.2003,NONE,WEIGHTED_ATM,2026-08-21,8,36,0.0,NONE,1921,958,6,0,70,6H;CFW,MEM;SEC;TEC;WEC,OK,NONE,NONE,2026-08-10
EUR,0.95,-9487.378526311715,705188.3541003562,0.0,0.0,0.0,0.0,0.0,0.0,1.159065846962074,1.1525341530379263,1.162331693924148,1.1492683060758524,SEP26,AUG26,2026-08-11,2026-09-04,1.1558000000000002,1.1536542737353404,FOUND,WARN,UNKNOWN_SERIES;ESTIMATED_EXPIRY_ALIAS,2026-08-02.2,PUT_CALL_PARITY,AUG26,AUG26=PUT_CALL_PARITY;DEC26=PUT_CALL_PARITY;NOV26=PUT_CALL_PARITY;JAN27=PUT_CALL_PARITY;OCT26=PUT_CALL_PARITY;SEP26=PUT_CALL_PARITY;FEB27=PUT_CALL_PARITY;MAR27=PUT_CALL_PARITY;APR27=PUT_CALL_PARITY;JUN27=PUT_CALL_PARITY;MAY27=PUT_CALL_PARITY;JUL27=PUT_CALL_PARITY;SEP27=SERIES_FORWARD_CLUSTER;DEC27=SERIES_FORWARD_CLUSTER;JUN28=SERIES_FORWARD_CLUSTER;MAR28=SERIES_FORWARD_CLUSTER,AUG26=1.1558;DEC26=1.1599;NOV26=1.15995;JAN27=1.16445;OCT26=1.15995;SEP26=1.15585;FEB27=1.1641;MAR27=1.1641;APR27=1.16815;JUN27=1.16795;MAY27=1.1681;JUL27=1.17195;SEP27=1.0637;DEC27=1.1295;JUN28=1.1122;MAR28=1.2003,NONE,WEIGHTED_ATM,2026-08-21,8,36,0.0,NONE,1921,958,6,0,70,6H;CFW,MEM;SEC;TEC;WEC,OK,NONE,NONE,2026-08-10
EUR,0.97,-225329.8658462742,16628015.92281795,0.0,0.0,0.0,0.0,0.0,0.0,1.159065846962074,1.1525341530379263,1.162331693924148,1.1492683060758524,SEP26,AUG26,2026-08-11,2026-09-04,1.1558000000000002,1.1536542737353404,FOUND,WARN,UNKNOWN_SERIES;ESTIMATED_EXPIRY_ALIAS,2026-08-02.2,PUT_CALL_PARITY,AUG26,AUG26=PUT_CALL_PARITY;DEC26=PUT_CALL_PARITY;NOV26=PUT_CALL_PARITY;JAN27=PUT_CALL_PARITY;OCT26=PUT_CALL_PARITY;SEP26=PUT_CALL_PARITY;FEB27=PUT_CALL_PARITY;MAR27=PUT_CALL_PARITY;APR27=PUT_CALL_PARITY;JUN27=PUT_CALL_PARITY;MAY27=PUT_CALL_PARITY;JUL27=PUT_CALL_PARITY;SEP27=SERIES_FORWARD_CLUSTER;DEC27=SERIES_FORWARD_CLUSTER;JUN28=SERIES_FORWARD_CLUSTER;MAR28=SERIES_FORWARD_CLUSTER,AUG26=1.1558;DEC26=1.1599;NOV26=1.15995;JAN27=1.16445;OCT26=1.15995;SEP26=1.15585;FEB27=1.1641;MAR27=1.1641;APR27=1.16815;JUN27=1.16795;MAY27=1.1681;JUL27=1.17195;SEP27=1.0637;DEC27=1.1295;JUN28=1.1122;MAR28=1.2003,NONE,WEIGHTED_ATM,2026-08-21,8,36,0.0,NONE,1921,958,6,0,70,6H;CFW,MEM;SEC;TEC;WEC,OK,NONE,NONE,2026-08-10
EUR,0.98,-813.6986568972897,60045.85327185906,0.0,0.0,0.0,0.0,0.0,0.0,1.159065846962074,1.1525341530379263,1.162331693924148,1.1492683060758524,SEP26,AUG26,2026-08-11,2026-09-04,1.1558000000000002,1.1536542737353404,FOUND,WARN,UNKNOWN_SERIES;ESTIMATED_EXPIRY_ALIAS,2026-08-02.2,PUT_CALL_PARITY,AUG26,AUG26=PUT_CALL_PARITY;DEC26=PUT_CALL_PARITY;NOV26=PUT_CALL_PARITY;JAN27=PUT_CALL_PARITY;OCT26=PUT_CALL_PARITY;SEP26=PUT_CALL_PARITY;FEB27=PUT_CALL_PARITY;MAR27=PUT_CALL_PARITY;APR27=PUT_CALL_PARITY;JUN27=PUT_CALL_PARITY;MAY27=PUT_CALL_PARITY;JUL27=PUT_CALL_PARITY;SEP27=SERIES_FORWARD_CLUSTER;DEC27=SERIES_FORWARD_CLUSTER;JUN28=SERIES_FORWARD_CLUSTER;MAR28=SERIES_FORWARD_CLUSTER,AUG26=1.1558;DEC26=1.1599;NOV26=1.15995;JAN27=1.16445;OCT26=1.15995;SEP26=1.15585;FEB27=1.1641;MAR27=1.1641;APR27=1.16815;JUN27=1.16795;MAY27=1.1681;JUL27=1.17195;SEP27=1.0637;DEC27=1.1295;JUN28=1.1122;MAR28=1.2003,NONE,WEIGHTED_ATM,2026-08-21,8,36,0.0,NONE,1921,958,6,0,70,6H;CFW,MEM;SEC;TEC;WEC,OK,NONE,NONE,2026-08-10
EUR,0.99,-66386.83044352302,4915374.406204496,0.0,0.0,0.0,0.0,0.0,0.0,1.159065846962074,1.1525341530379263,1.162331693924148,1.1492683060758524,SEP26,AUG26,2026-08-11,2026-09-04,1.1558000000000002,1.1536542737353404,FOUND,WARN,UNKNOWN_SERIES;ESTIMATED_EXPIRY_ALIAS,2026-08-02.2,PUT_CALL_PARITY,AUG26,AUG26=PUT_CALL_PARITY;DEC26=PUT_CALL_PARITY;NOV26=PUT_CALL_PARITY;JAN27=PUT_CALL_PARITY;OCT26=PUT_CALL_PARITY;SEP26=PUT_CALL_PARITY;FEB27=PUT_CALL_PARITY;MAR27=PUT_CALL_PARITY;APR27=PUT_CALL_PARITY;JUN27=PUT_CALL_PARITY;MAY27=PUT_CALL_PARITY;JUL27=PUT_CALL_PARITY;SEP27=SERIES_FORWARD_CLUSTER;DEC27=SERIES_FORWARD_CLUSTER;JUN28=SERIES_FORWARD_CLUSTER;MAR28=SERIES_FORWARD_CLUSTER,AUG26=1.1558;DEC26=1.1599;NOV26=1.15995;JAN27=1.16445;OCT26=1.15995;SEP26=1.15585;FEB27=1.1641;MAR27=1.1641;APR27=1.16815;JUN27=1.16795;MAY27=1.1681;JUL27=1.17195;SEP27=1.0637;DEC27=1.1295;JUN28=1.1122;MAR28=1.2003,NONE,WEIGHTED_ATM,2026-08-21,8,36,0.0,NONE,1921,958,6,0,70,6H;CFW,MEM;SEC;TEC;WEC,OK,NONE,NONE,2026-08-10
EUR,1.0,-87960.3910539475,6527518.6975483075,0.0,0.0,0.0,0.0,0.0,0.0,1.159065846962074,1.1525341530379263,1.162331693924148,1.1492683060758524,SEP26,AUG26,2026-08-11,2026-09-04,1.1558000000000002,1.1536542737353404,FOUND,WARN,UNKNOWN_SERIES;ESTIMATED_EXPIRY_ALIAS,2026-08-02.2,PUT_CALL_PARITY,AUG26,AUG26=PUT_CALL_PARITY;DEC26=PUT_CALL_PARITY;NOV26=PUT_CALL_PARITY;JAN27=PUT_CALL_PARITY;OCT26=PUT_CALL_PARITY;SEP26=PUT_CALL_PARITY;FEB27=PUT_CALL_PARITY;MAR27=PUT_CALL_PARITY;APR27=PUT_CALL_PARITY;JUN27=PUT_CALL_PARITY;MAY27=PUT_CALL_PARITY;JUL27=PUT_CALL_PARITY;SEP27=SERIES_FORWARD_CLUSTER;DEC27=SERIES_FORWARD_CLUSTER;JUN28=SERIES_FORWARD_CLUSTER;MAR28=SERIES_FORWARD_CLUSTER,AUG26=1.1558;DEC26=1.1599;NOV26=1.15995;JAN27=1.16445;OCT26=1.15995;SEP26=1.15585;FEB27=1.1641;MAR27=1.1641;APR27=1.16815;JUN27=1.16795;MAY27=1.1681;JUL27=1.17195;SEP27=1.0637;DEC27=1.1295;JUN28=1.1122;MAR28=1.2003,NONE,WEIGHTED_ATM,2026-08-21,8,36,0.0,NONE,1921,958,6,0,70,6H;CFW,MEM;SEC;TEC;WEC,OK,NONE,NONE,2026-08-10
EUR,1.01,-5315460.847574926,406971618.5811901,0.0,0.0,0.0,0.0,0.0,0.0,1.159065846962074,1.1525341530379263,1.162331693924148,1.1492683060758524,SEP26,AUG26,2026-08-11,2026-09-04,1.1558000000000002,1.1536542737353404,FOUND,WARN,UNKNOWN_SERIES;ESTIMATED_EXPIRY_ALIAS,2026-08-02.2,PUT_CALL_PARITY,AUG26,AUG26=PUT_CALL_PARITY;DEC26=PUT_CALL_PARITY;NOV26=PUT_CALL_PARITY;JAN27=PUT_CALL_PARITY;OCT26=PUT_CALL_PARITY;SEP26=PUT_CALL_PARITY;FEB27=PUT_CALL_PARITY;MAR27=PUT_CALL_PARITY;APR27=PUT_CALL_PARITY;JUN27=PUT_CALL_PARITY;MAY27=PUT_CALL_PARITY;JUL27=PUT_CALL_PARITY;SEP27=SERIES_FORWARD_CLUSTER;DEC27=SERIES_FORWARD_CLUSTER;JUN28=SERIES_FORWARD_CLUSTER;MAR28=SERIES_FORWARD_CLUSTER,AUG26=1.1558;DEC26=1.1599;NOV26=1.15995;JAN27=1.16445;OCT26=1.15995;SEP26=1.15585;FEB27=1.1641;MAR27=1.1641;APR27=1.16815;JUN27=1.16795;MAY27=1.1681;JUL27=1.17195;SEP27=1.0637;DEC27=1.1295;JUN28=1.1122;MAR28=1.2003,NONE,WEIGHTED_ATM,2026-08-21,8,36,0.0,NONE,1921,958,6,0,70,6H;CFW,MEM;SEC;TEC;WEC,OK,NONE,NONE,2026-08-10
EUR,1.015,0.0,0.0,0.0,0.0,0.0,0.0,0.0,0.0,1.159065846962074,1.1525341530379263,1.162331693924148,1.1492683060758524,SEP26,AUG26,2026-08-11,2026-09-04,1.1558000000000002,1.1536542737353404,FOUND,WARN,UNKNOWN_SERIES;ESTIMATED_EXPIRY_ALIAS,2026-08-02.2,PUT_CALL_PARITY,AUG26,AUG26=PUT_CALL_PARITY;DEC26=PUT_CALL_PARITY;NOV26=PUT_CALL_PARITY;JAN27=PUT_CALL_PARITY;OCT26=PUT_CALL_PARITY;SEP26=PUT_CALL_PARITY;FEB27=PUT_CALL_PARITY;MAR27=PUT_CALL_PARITY;APR27=PUT_CALL_PARITY;JUN27=PUT_CALL_PARITY;MAY27=PUT_CALL_PARITY;JUL27=PUT_CALL_PARITY;SEP27=SERIES_FORWARD_CLUSTER;DEC27=SERIES_FORWARD_CLUSTER;JUN28=SERIES_FORWARD_CLUSTER;MAR28=SERIES_FORWARD_CLUSTER,AUG26=1.1558;DEC26=1.1599;NOV26=1.15995;JAN27=1.16445;OCT26=1.15995;SEP26=1.15585;FEB27=1.1641;MAR27=1.1641;APR27=1.16815;JUN27=1.16795;MAY27=1.1681;JUL27=1.17195;SEP27=1.0637;DEC27=1.1295;JUN28=1.1122;MAR28=1.2003,NONE,WEIGHTED_ATM,2026-08-21,8,36,0.0,NONE,1921,958,6,0,70,6H;CFW,MEM;SEC;TEC;WEC,OK,NONE,NONE,2026-08-10
EUR,1.02,-194890.69990188003,14925738.329166915,0.0,0.0,0.0,0.0,0.0,0.0,1.159065846962074,1.1525341530379263,1.162331693924148,1.1492683060758524,SEP26,AUG26,2026-08-11,2026-09-04,1.1558000000000002,1.1536542737353404,FOUND,WARN,UNKNOWN_SERIES;ESTIMATED_EXPIRY_ALIAS,2026-08-02.2,PUT_CALL_PARITY,AUG26,AUG26=PUT_CALL_PARITY;DEC26=PUT_CALL_PARITY;NOV26=PUT_CALL_PARITY;JAN27=PUT_CALL_PARITY;OCT26=PUT_CALL_PARITY;SEP26=PUT_CALL_PARITY;FEB27=PUT_CALL_PARITY;MAR27=PUT_CALL_PARITY;APR27=PUT_CALL_PARITY;JUN27=PUT_CALL_PARITY;MAY27=PUT_CALL_PARITY;JUL27=PUT_CALL_PARITY;SEP27=SERIES_FORWARD_CLUSTER;DEC27=SERIES_FORWARD_CLUSTER;JUN28=SERIES_FORWARD_CLUSTER;MAR28=SERIES_FORWARD_CLUSTER,AUG26=1.1558;DEC26=1.1599;NOV26=1.15995;JAN27=1.16445;OCT26=1.15995;SEP26=1.15585;FEB27=1.1641;MAR27=1.1641;APR27=1.16815;JUN27=1.16795;MAY27=1.1681;JUL27=1.17195;SEP27=1.0637;DEC27=1.1295;JUN28=1.1122;MAR28=1.2003,NONE,WEIGHTED_ATM,2026-08-21,8,36,0.0,NONE,1921,958,6,0,70,6H;CFW,MEM;SEC;TEC;WEC,OK,NONE,NONE,2026-08-10
EUR,1.025,-586.0362353497327,43559.54883673299,0.0,0.0,0.0,0.0,0.0,0.0,1.159065846962074,1.1525341530379263,1.162331693924148,1.1492683060758524,SEP26,AUG26,2026-08-11,2026-09-04,1.1558000000000002,1.1536542737353404,FOUND,WARN,UNKNOWN_SERIES;ESTIMATED_EXPIRY_ALIAS,2026-08-02.2,PUT_CALL_PARITY,AUG26,AUG26=PUT_CALL_PARITY;DEC26=PUT_CALL_PARITY;NOV26=PUT_CALL_PARITY;JAN27=PUT_CALL_PARITY;OCT26=PUT_CALL_PARITY;SEP26=PUT_CALL_PARITY;FEB27=PUT_CALL_PARITY;MAR27=PUT_CALL_PARITY;APR27=PUT_CALL_PARITY;JUN27=PUT_CALL_PARITY;MAY27=PUT_CALL_PARITY;JUL27=PUT_CALL_PARITY;SEP27=SERIES_FORWARD_CLUSTER;DEC27=SERIES_FORWARD_CLUSTER;JUN28=SERIES_FORWARD_CLUSTER;MAR28=SERIES_FORWARD_CLUSTER,AUG26=1.1558;DEC26=1.1599;NOV26=1.15995;JAN27=1.16445;OCT26=1.15995;SEP26=1.15585;FEB27=1.1641;MAR27=1.1641;APR27=1.16815;JUN27=1.16795;MAY27=1.1681;JUL27=1.17195;SEP27=1.0637;DEC27=1.1295;JUN28=1.1122;MAR28=1.2003,NONE,WEIGHTED_ATM,2026-08-21,8,36,0.0,NONE,1921,958,6,0,70,6H;CFW,MEM;SEC;TEC;WEC,OK,NONE,NONE,2026-08-10
EUR,1.03,-8202441.268218642,611880850.0134263,0.0,0.0,0.0,0.0,0.0,0.0,1.159065846962074,1.1525341530379263,1.162331693924148,1.1492683060758524,SEP26,AUG26,2026-08-11,2026-09-04,1.1558000000000002,1.1536542737353404,FOUND,WARN,UNKNOWN_SERIES;ESTIMATED_EXPIRY_ALIAS,2026-08-02.2,PUT_CALL_PARITY,AUG26,AUG26=PUT_CALL_PARITY;DEC26=PUT_CALL_PARITY;NOV26=PUT_CALL_PARITY;JAN27=PUT_CALL_PARITY;OCT26=PUT_CALL_PARITY;SEP26=PUT_CALL_PARITY;FEB27=PUT_CALL_PARITY;MAR27=PUT_CALL_PARITY;APR27=PUT_CALL_PARITY;JUN27=PUT_CALL_PARITY;MAY27=PUT_CALL_PARITY;JUL27=PUT_CALL_PARITY;SEP27=SERIES_FORWARD_CLUSTER;DEC27=SERIES_FORWARD_CLUSTER;JUN28=SERIES_FORWARD_CLUSTER;MAR28=SERIES_FORWARD_CLUSTER,AUG26=1.1558;DEC26=1.1599;NOV26=1.15995;JAN27=1.16445;OCT26=1.15995;SEP26=1.15585;FEB27=1.1641;MAR27=1.1641;APR27=1.16815;JUN27=1.16795;MAY27=1.1681;JUL27=1.17195;SEP27=1.0637;DEC27=1.1295;JUN28=1.1122;MAR28=1.2003,NONE,WEIGHTED_ATM,2026-08-21,8,36,0.0,NONE,1921,958,6,0,70,6H;CFW,MEM;SEC;TEC;WEC,OK,NONE,NONE,2026-08-10
EUR,1.035,0.0,0.0,0.0,0.0,0.0,0.0,0.0,0.0,1.159065846962074,1.1525341530379263,1.162331693924148,1.1492683060758524,SEP26,AUG26,2026-08-11,2026-09-04,1.1558000000000002,1.1536542737353404,FOUND,WARN,UNKNOWN_SERIES;ESTIMATED_EXPIRY_ALIAS,2026-08-02.2,PUT_CALL_PARITY,AUG26,AUG26=PUT_CALL_PARITY;DEC26=PUT_CALL_PARITY;NOV26=PUT_CALL_PARITY;JAN27=PUT_CALL_PARITY;OCT26=PUT_CALL_PARITY;SEP26=PUT_CALL_PARITY;FEB27=PUT_CALL_PARITY;MAR27=PUT_CALL_PARITY;APR27=PUT_CALL_PARITY;JUN27=PUT_CALL_PARITY;MAY27=PUT_CALL_PARITY;JUL27=PUT_CALL_PARITY;SEP27=SERIES_FORWARD_CLUSTER;DEC27=SERIES_FORWARD_CLUSTER;JUN28=SERIES_FORWARD_CLUSTER;MAR28=SERIES_FORWARD_CLUSTER,AUG26=1.1558;DEC26=1.1599;NOV26=1.15995;JAN27=1.16445;OCT26=1.15995;SEP26=1.15585;FEB27=1.1641;MAR27=1.1641;APR27=1.16815;JUN27=1.16795;MAY27=1.1681;JUL27=1.17195;SEP27=1.0637;DEC27=1.1295;JUN28=1.1122;MAR28=1.2003,NONE,WEIGHTED_ATM,2026-08-21,8,36,0.0,NONE,1921,958,6,0,70,6H;CFW,MEM;SEC;TEC;WEC,OK,NONE,NONE,2026-08-10
EUR,1.04,-3523395.4915360985,296809440.6985806,0.0,0.0,0.0,0.0,0.0,0.0,1.159065846962074,1.1525341530379263,1.162331693924148,1.1492683060758524,SEP26,AUG26,2026-08-11,2026-09-04,1.1558000000000002,1.1536542737353404,FOUND,WARN,UNKNOWN_SERIES;ESTIMATED_EXPIRY_ALIAS,2026-08-02.2,PUT_CALL_PARITY,AUG26,AUG26=PUT_CALL_PARITY;DEC26=PUT_CALL_PARITY;NOV26=PUT_CALL_PARITY;JAN27=PUT_CALL_PARITY;OCT26=PUT_CALL_PARITY;SEP26=PUT_CALL_PARITY;FEB27=PUT_CALL_PARITY;MAR27=PUT_CALL_PARITY;APR27=PUT_CALL_PARITY;JUN27=PUT_CALL_PARITY;MAY27=PUT_CALL_PARITY;JUL27=PUT_CALL_PARITY;SEP27=SERIES_FORWARD_CLUSTER;DEC27=SERIES_FORWARD_CLUSTER;JUN28=SERIES_FORWARD_CLUSTER;MAR28=SERIES_FORWARD_CLUSTER,AUG26=1.1558;DEC26=1.1599;NOV26=1.15995;JAN27=1.16445;OCT26=1.15995;SEP26=1.15585;FEB27=1.1641;MAR27=1.1641;APR27=1.16815;JUN27=1.16795;MAY27=1.1681;JUL27=1.17195;SEP27=1.0637;DEC27=1.1295;JUN28=1.1122;MAR28=1.2003,NONE,WEIGHTED_ATM,2026-08-21,8,36,0.0,NONE,1921,958,6,0,70,6H;CFW,MEM;SEC;TEC;WEC,OK,NONE,NONE,2026-08-10
EUR,1.045,-515324.39197167783,38303600.809690565,0.0,0.0,0.0,0.0,0.0,0.0,1.159065846962074,1.1525341530379263,1.162331693924148,1.1492683060758524,SEP26,AUG26,2026-08-11,2026-09-04,1.1558000000000002,1.1536542737353404,FOUND,WARN,UNKNOWN_SERIES;ESTIMATED_EXPIRY_ALIAS,2026-08-02.2,PUT_CALL_PARITY,AUG26,AUG26=PUT_CALL_PARITY;DEC26=PUT_CALL_PARITY;NOV26=PUT_CALL_PARITY;JAN27=PUT_CALL_PARITY;OCT26=PUT_CALL_PARITY;SEP26=PUT_CALL_PARITY;FEB27=PUT_CALL_PARITY;MAR27=PUT_CALL_PARITY;APR27=PUT_CALL_PARITY;JUN27=PUT_CALL_PARITY;MAY27=PUT_CALL_PARITY;JUL27=PUT_CALL_PARITY;SEP27=SERIES_FORWARD_CLUSTER;DEC27=SERIES_FORWARD_CLUSTER;JUN28=SERIES_FORWARD_CLUSTER;MAR28=SERIES_FORWARD_CLUSTER,AUG26=1.1558;DEC26=1.1599;NOV26=1.15995;JAN27=1.16445;OCT26=1.15995;SEP26=1.15585;FEB27=1.1641;MAR27=1.1641;APR27=1.16815;JUN27=1.16795;MAY27=1.1681;JUL27=1.17195;SEP27=1.0637;DEC27=1.1295;JUN28=1.1122;MAR28=1.2003,NONE,WEIGHTED_ATM,2026-08-21,8,36,0.0,NONE,1921,958,6,0,70,6H;CFW,MEM;SEC;TEC;WEC,OK,NONE,NONE,2026-08-10
EUR,1.05,-4734230.464211462,385006324.9480864,0.0,0.0,0.0,0.0,0.0,0.0,1.159065846962074,1.1525341530379263,1.162331693924148,1.1492683060758524,SEP26,AUG26,2026-08-11,2026-09-04,1.1558000000000002,1.1536542737353404,FOUND,WARN,UNKNOWN_SERIES;ESTIMATED_EXPIRY_ALIAS,2026-08-02.2,PUT_CALL_PARITY,AUG26,AUG26=PUT_CALL_PARITY;DEC26=PUT_CALL_PARITY;NOV26=PUT_CALL_PARITY;JAN27=PUT_CALL_PARITY;OCT26=PUT_CALL_PARITY;SEP26=PUT_CALL_PARITY;FEB27=PUT_CALL_PARITY;MAR27=PUT_CALL_PARITY;APR27=PUT_CALL_PARITY;JUN27=PUT_CALL_PARITY;MAY27=PUT_CALL_PARITY;JUL27=PUT_CALL_PARITY;SEP27=SERIES_FORWARD_CLUSTER;DEC27=SERIES_FORWARD_CLUSTER;JUN28=SERIES_FORWARD_CLUSTER;MAR28=SERIES_FORWARD_CLUSTER,AUG26=1.1558;DEC26=1.1599;NOV26=1.15995;JAN27=1.16445;OCT26=1.15995;SEP26=1.15585;FEB27=1.1641;MAR27=1.1641;APR27=1.16815;JUN27=1.16795;MAY27=1.1681;JUL27=1.17195;SEP27=1.0637;DEC27=1.1295;JUN28=1.1122;MAR28=1.2003,NONE,WEIGHTED_ATM,2026-08-21,8,36,0.0,NONE,1921,958,6,0,70,6H;CFW,MEM;SEC;TEC;WEC,OK,NONE,NONE,2026-08-10
EUR,1.055,-35042.63056019267,2604687.364328863,0.0,0.0,0.0,0.0,0.0,0.0,1.159065846962074,1.1525341530379263,1.162331693924148,1.1492683060758524,SEP26,AUG26,2026-08-11,2026-09-04,1.1558000000000002,1.1536542737353404,FOUND,WARN,UNKNOWN_SERIES;ESTIMATED_EXPIRY_ALIAS,2026-08-02.2,PUT_CALL_PARITY,AUG26,AUG26=PUT_CALL_PARITY;DEC26=PUT_CALL_PARITY;NOV26=PUT_CALL_PARITY;JAN27=PUT_CALL_PARITY;OCT26=PUT_CALL_PARITY;SEP26=PUT_CALL_PARITY;FEB27=PUT_CALL_PARITY;MAR27=PUT_CALL_PARITY;APR27=PUT_CALL_PARITY;JUN27=PUT_CALL_PARITY;MAY27=PUT_CALL_PARITY;JUL27=PUT_CALL_PARITY;SEP27=SERIES_FORWARD_CLUSTER;DEC27=SERIES_FORWARD_CLUSTER;JUN28=SERIES_FORWARD_CLUSTER;MAR28=SERIES_FORWARD_CLUSTER,AUG26=1.1558;DEC26=1.1599;NOV26=1.15995;JAN27=1.16445;OCT26=1.15995;SEP26=1.15585;FEB27=1.1641;MAR27=1.1641;APR27=1.16815;JUN27=1.16795;MAY27=1.1681;JUL27=1.17195;SEP27=1.0637;DEC27=1.1295;JUN28=1.1122;MAR28=1.2003,NONE,WEIGHTED_ATM,2026-08-21,8,36,0.0,NONE,1921,958,6,0,70,6H;CFW,MEM;SEC;TEC;WEC,OK,NONE,NONE,2026-08-10
EUR,1.06,-1852664.1573317945,142753283.21862867,0.0,0.0,0.0,0.0,0.0,0.0,1.159065846962074,1.1525341530379263,1.162331693924148,1.1492683060758524,SEP26,AUG26,2026-08-11,2026-09-04,1.1558000000000002,1.1536542737353404,FOUND,WARN,UNKNOWN_SERIES;ESTIMATED_EXPIRY_ALIAS,2026-08-02.2,PUT_CALL_PARITY,AUG26,AUG26=PUT_CALL_PARITY;DEC26=PUT_CALL_PARITY;NOV26=PUT_CALL_PARITY;JAN27=PUT_CALL_PARITY;OCT26=PUT_CALL_PARITY;SEP26=PUT_CALL_PARITY;FEB27=PUT_CALL_PARITY;MAR27=PUT_CALL_PARITY;APR27=PUT_CALL_PARITY;JUN27=PUT_CALL_PARITY;MAY27=PUT_CALL_PARITY;JUL27=PUT_CALL_PARITY;SEP27=SERIES_FORWARD_CLUSTER;DEC27=SERIES_FORWARD_CLUSTER;JUN28=SERIES_FORWARD_CLUSTER;MAR28=SERIES_FORWARD_CLUSTER,AUG26=1.1558;DEC26=1.1599;NOV26=1.15995;JAN27=1.16445;OCT26=1.15995;SEP26=1.15585;FEB27=1.1641;MAR27=1.1641;APR27=1.16815;JUN27=1.16795;MAY27=1.1681;JUL27=1.17195;SEP27=1.0637;DEC27=1.1295;JUN28=1.1122;MAR28=1.2003,NONE,WEIGHTED_ATM,2026-08-21,8,36,0.0,NONE,1921,958,6,0,70,6H;CFW,MEM;SEC;TEC;WEC,OK,NONE,NONE,2026-08-10
EUR,1.065,-54298.25585994672,4035940.757945235,0.0,0.0,0.0,0.0,0.0,0.0,1.159065846962074,1.1525341530379263,1.162331693924148,1.1492683060758524,SEP26,AUG26,2026-08-11,2026-09-04,1.1558000000000002,1.1536542737353404,FOUND,WARN,UNKNOWN_SERIES;ESTIMATED_EXPIRY_ALIAS,2026-08-02.2,PUT_CALL_PARITY,AUG26,AUG26=PUT_CALL_PARITY;DEC26=PUT_CALL_PARITY;NOV26=PUT_CALL_PARITY;JAN27=PUT_CALL_PARITY;OCT26=PUT_CALL_PARITY;SEP26=PUT_CALL_PARITY;FEB27=PUT_CALL_PARITY;MAR27=PUT_CALL_PARITY;APR27=PUT_CALL_PARITY;JUN27=PUT_CALL_PARITY;MAY27=PUT_CALL_PARITY;JUL27=PUT_CALL_PARITY;SEP27=SERIES_FORWARD_CLUSTER;DEC27=SERIES_FORWARD_CLUSTER;JUN28=SERIES_FORWARD_CLUSTER;MAR28=SERIES_FORWARD_CLUSTER,AUG26=1.1558;DEC26=1.1599;NOV26=1.15995;JAN27=1.16445;OCT26=1.15995;SEP26=1.15585;FEB27=1.1641;MAR27=1.1641;APR27=1.16815;JUN27=1.16795;MAY27=1.1681;JUL27=1.17195;SEP27=1.0637;DEC27=1.1295;JUN28=1.1122;MAR28=1.2003,NONE,WEIGHTED_ATM,2026-08-21,8,36,0.0,NONE,1921,958,6,0,70,6H;CFW,MEM;SEC;TEC;WEC,OK,NONE,NONE,2026-08-10
EUR,1.07,-2581696.5529659176,191812286.32744148,0.0,0.0,0.0,0.0,0.0,0.0,1.159065846962074,1.1525341530379263,1.162331693924148,1.1492683060758524,SEP26,AUG26,2026-08-11,2026-09-04,1.1558000000000002,1.1536542737353404,FOUND,WARN,UNKNOWN_SERIES;ESTIMATED_EXPIRY_ALIAS,2026-08-02.2,PUT_CALL_PARITY,AUG26,AUG26=PUT_CALL_PARITY;DEC26=PUT_CALL_PARITY;NOV26=PUT_CALL_PARITY;JAN27=PUT_CALL_PARITY;OCT26=PUT_CALL_PARITY;SEP26=PUT_CALL_PARITY;FEB27=PUT_CALL_PARITY;MAR27=PUT_CALL_PARITY;APR27=PUT_CALL_PARITY;JUN27=PUT_CALL_PARITY;MAY27=PUT_CALL_PARITY;JUL27=PUT_CALL_PARITY;SEP27=SERIES_FORWARD_CLUSTER;DEC27=SERIES_FORWARD_CLUSTER;JUN28=SERIES_FORWARD_CLUSTER;MAR28=SERIES_FORWARD_CLUSTER,AUG26=1.1558;DEC26=1.1599;NOV26=1.15995;JAN27=1.16445;OCT26=1.15995;SEP26=1.15585;FEB27=1.1641;MAR27=1.1641;APR27=1.16815;JUN27=1.16795;MAY27=1.1681;JUL27=1.17195;SEP27=1.0637;DEC27=1.1295;JUN28=1.1122;MAR28=1.2003,NONE,WEIGHTED_ATM,2026-08-21,8,36,0.0,NONE,1921,958,6,0,70,6H;CFW,MEM;SEC;TEC;WEC,OK,NONE,NONE,2026-08-10
EUR,1.075,-283809.2885593558,21136954.69034876,0.0,0.0,0.0,0.0,0.0,0.0,1.159065846962074,1.1525341530379263,1.162331693924148,1.1492683060758524,SEP26,AUG26,2026-08-11,2026-09-04,1.1558000000000002,1.1536542737353404,FOUND,WARN,UNKNOWN_SERIES;ESTIMATED_EXPIRY_ALIAS,2026-08-02.2,PUT_CALL_PARITY,AUG26,AUG26=PUT_CALL_PARITY;DEC26=PUT_CALL_PARITY;NOV26=PUT_CALL_PARITY;JAN27=PUT_CALL_PARITY;OCT26=PUT_CALL_PARITY;SEP26=PUT_CALL_PARITY;FEB27=PUT_CALL_PARITY;MAR27=PUT_CALL_PARITY;APR27=PUT_CALL_PARITY;JUN27=PUT_CALL_PARITY;MAY27=PUT_CALL_PARITY;JUL27=PUT_CALL_PARITY;SEP27=SERIES_FORWARD_CLUSTER;DEC27=SERIES_FORWARD_CLUSTER;JUN28=SERIES_FORWARD_CLUSTER;MAR28=SERIES_FORWARD_CLUSTER,AUG26=1.1558;DEC26=1.1599;NOV26=1.15995;JAN27=1.16445;OCT26=1.15995;SEP26=1.15585;FEB27=1.1641;MAR27=1.1641;APR27=1.16815;JUN27=1.16795;MAY27=1.1681;JUL27=1.17195;SEP27=1.0637;DEC27=1.1295;JUN28=1.1122;MAR28=1.2003,NONE,WEIGHTED_ATM,2026-08-21,8,36,0.0,NONE,1921,958,6,0,70,6H;CFW,MEM;SEC;TEC;WEC,OK,NONE,NONE,2026-08-10
EUR,1.08,-5529994.95594046,545801176.5900943,0.0,0.0,0.0,0.0,0.0,0.0,1.159065846962074,1.1525341530379263,1.162331693924148,1.1492683060758524,SEP26,AUG26,2026-08-11,2026-09-04,1.1558000000000002,1.1536542737353404,FOUND,WARN,UNKNOWN_SERIES;ESTIMATED_EXPIRY_ALIAS,2026-08-02.2,PUT_CALL_PARITY,AUG26,AUG26=PUT_CALL_PARITY;DEC26=PUT_CALL_PARITY;NOV26=PUT_CALL_PARITY;JAN27=PUT_CALL_PARITY;OCT26=PUT_CALL_PARITY;SEP26=PUT_CALL_PARITY;FEB27=PUT_CALL_PARITY;MAR27=PUT_CALL_PARITY;APR27=PUT_CALL_PARITY;JUN27=PUT_CALL_PARITY;MAY27=PUT_CALL_PARITY;JUL27=PUT_CALL_PARITY;SEP27=SERIES_FORWARD_CLUSTER;DEC27=SERIES_FORWARD_CLUSTER;JUN28=SERIES_FORWARD_CLUSTER;MAR28=SERIES_FORWARD_CLUSTER,AUG26=1.1558;DEC26=1.1599;NOV26=1.15995;JAN27=1.16445;OCT26=1.15995;SEP26=1.15585;FEB27=1.1641;MAR27=1.1641;APR27=1.16815;JUN27=1.16795;MAY27=1.1681;JUL27=1.17195;SEP27=1.0637;DEC27=1.1295;JUN28=1.1122;MAR28=1.2003,NONE,WEIGHTED_ATM,2026-08-21,8,36,0.0,NONE,1921,958,6,0,70,6H;CFW,MEM;SEC;TEC;WEC,OK,NONE,NONE,2026-08-10
EUR,1.085,-81986.09825189822,6104382.484176395,0.0,0.0,0.0,0.0,0.0,0.0,1.159065846962074,1.1525341530379263,1.162331693924148,1.1492683060758524,SEP26,AUG26,2026-08-11,2026-09-04,1.1558000000000002,1.1536542737353404,FOUND,WARN,UNKNOWN_SERIES;ESTIMATED_EXPIRY_ALIAS,2026-08-02.2,PUT_CALL_PARITY,AUG26,AUG26=PUT_CALL_PARITY;DEC26=PUT_CALL_PARITY;NOV26=PUT_CALL_PARITY;JAN27=PUT_CALL_PARITY;OCT26=PUT_CALL_PARITY;SEP26=PUT_CALL_PARITY;FEB27=PUT_CALL_PARITY;MAR27=PUT_CALL_PARITY;APR27=PUT_CALL_PARITY;JUN27=PUT_CALL_PARITY;MAY27=PUT_CALL_PARITY;JUL27=PUT_CALL_PARITY;SEP27=SERIES_FORWARD_CLUSTER;DEC27=SERIES_FORWARD_CLUSTER;JUN28=SERIES_FORWARD_CLUSTER;MAR28=SERIES_FORWARD_CLUSTER,AUG26=1.1558;DEC26=1.1599;NOV26=1.15995;JAN27=1.16445;OCT26=1.15995;SEP26=1.15585;FEB27=1.1641;MAR27=1.1641;APR27=1.16815;JUN27=1.16795;MAY27=1.1681;JUL27=1.17195;SEP27=1.0637;DEC27=1.1295;JUN28=1.1122;MAR28=1.2003,NONE,WEIGHTED_ATM,2026-08-21,8,36,0.0,NONE,1921,958,6,0,70,6H;CFW,MEM;SEC;TEC;WEC,OK,NONE,NONE,2026-08-10
EUR,1.09,-8081099.753334935,599078403.5636115,0.0,0.0,0.0,0.0,0.0,0.0,1.159065846962074,1.1525341530379263,1.162331693924148,1.1492683060758524,SEP26,AUG26,2026-08-11,2026-09-04,1.1558000000000002,1.1536542737353404,FOUND,WARN,UNKNOWN_SERIES;ESTIMATED_EXPIRY_ALIAS,2026-08-02.2,PUT_CALL_PARITY,AUG26,AUG26=PUT_CALL_PARITY;DEC26=PUT_CALL_PARITY;NOV26=PUT_CALL_PARITY;JAN27=PUT_CALL_PARITY;OCT26=PUT_CALL_PARITY;SEP26=PUT_CALL_PARITY;FEB27=PUT_CALL_PARITY;MAR27=PUT_CALL_PARITY;APR27=PUT_CALL_PARITY;JUN27=PUT_CALL_PARITY;MAY27=PUT_CALL_PARITY;JUL27=PUT_CALL_PARITY;SEP27=SERIES_FORWARD_CLUSTER;DEC27=SERIES_FORWARD_CLUSTER;JUN28=SERIES_FORWARD_CLUSTER;MAR28=SERIES_FORWARD_CLUSTER,AUG26=1.1558;DEC26=1.1599;NOV26=1.15995;JAN27=1.16445;OCT26=1.15995;SEP26=1.15585;FEB27=1.1641;MAR27=1.1641;APR27=1.16815;JUN27=1.16795;MAY27=1.1681;JUL27=1.17195;SEP27=1.0637;DEC27=1.1295;JUN28=1.1122;MAR28=1.2003,NONE,WEIGHTED_ATM,2026-08-21,8,36,0.0,NONE,1921,958,6,0,70,6H;CFW,MEM;SEC;TEC;WEC,OK,NONE,NONE,2026-08-10
EUR,1.095,-1057187.0284581736,78427121.44252928,0.0,0.0,0.0,0.0,0.0,0.0,1.159065846962074,1.1525341530379263,1.162331693924148,1.1492683060758524,SEP26,AUG26,2026-08-11,2026-09-04,1.1558000000000002,1.1536542737353404,FOUND,WARN,UNKNOWN_SERIES;ESTIMATED_EXPIRY_ALIAS,2026-08-02.2,PUT_CALL_PARITY,AUG26,AUG26=PUT_CALL_PARITY;DEC26=PUT_CALL_PARITY;NOV26=PUT_CALL_PARITY;JAN27=PUT_CALL_PARITY;OCT26=PUT_CALL_PARITY;SEP26=PUT_CALL_PARITY;FEB27=PUT_CALL_PARITY;MAR27=PUT_CALL_PARITY;APR27=PUT_CALL_PARITY;JUN27=PUT_CALL_PARITY;MAY27=PUT_CALL_PARITY;JUL27=PUT_CALL_PARITY;SEP27=SERIES_FORWARD_CLUSTER;DEC27=SERIES_FORWARD_CLUSTER;JUN28=SERIES_FORWARD_CLUSTER;MAR28=SERIES_FORWARD_CLUSTER,AUG26=1.1558;DEC26=1.1599;NOV26=1.15995;JAN27=1.16445;OCT26=1.15995;SEP26=1.15585;FEB27=1.1641;MAR27=1.1641;APR27=1.16815;JUN27=1.16795;MAY27=1.1681;JUL27=1.17195;SEP27=1.0637;DEC27=1.1295;JUN28=1.1122;MAR28=1.2003,NONE,WEIGHTED_ATM,2026-08-21,8,36,0.0,NONE,1921,958,6,0,70,6H;CFW,MEM;SEC;TEC;WEC,OK,NONE,NONE,2026-08-10
EUR,1.1,-18279680.453806106,1383461160.3106644,0.0,0.0,0.0,0.0,0.0,0.0,1.159065846962074,1.1525341530379263,1.162331693924148,1.1492683060758524,SEP26,AUG26,2026-08-11,2026-09-04,1.1558000000000002,1.1536542737353404,FOUND,WARN,UNKNOWN_SERIES;ESTIMATED_EXPIRY_ALIAS,2026-08-02.2,PUT_CALL_PARITY,AUG26,AUG26=PUT_CALL_PARITY;DEC26=PUT_CALL_PARITY;NOV26=PUT_CALL_PARITY;JAN27=PUT_CALL_PARITY;OCT26=PUT_CALL_PARITY;SEP26=PUT_CALL_PARITY;FEB27=PUT_CALL_PARITY;MAR27=PUT_CALL_PARITY;APR27=PUT_CALL_PARITY;JUN27=PUT_CALL_PARITY;MAY27=PUT_CALL_PARITY;JUL27=PUT_CALL_PARITY;SEP27=SERIES_FORWARD_CLUSTER;DEC27=SERIES_FORWARD_CLUSTER;JUN28=SERIES_FORWARD_CLUSTER;MAR28=SERIES_FORWARD_CLUSTER,AUG26=1.1558;DEC26=1.1599;NOV26=1.15995;JAN27=1.16445;OCT26=1.15995;SEP26=1.15585;FEB27=1.1641;MAR27=1.1641;APR27=1.16815;JUN27=1.16795;MAY27=1.1681;JUL27=1.17195;SEP27=1.0637;DEC27=1.1295;JUN28=1.1122;MAR28=1.2003,NONE,WEIGHTED_ATM,2026-08-21,8,36,0.0,NONE,1921,958,6,0,70,6H;CFW,MEM;SEC;TEC;WEC,OK,NONE,NONE,2026-08-10
EUR,1.105,-13491329.379385546,1001656864.3332608,0.0,0.0,0.0,0.0,0.0,0.0,1.159065846962074,1.1525341530379263,1.162331693924148,1.1492683060758524,SEP26,AUG26,2026-08-11,2026-09-04,1.1558000000000002,1.1536542737353404,FOUND,WARN,UNKNOWN_SERIES;ESTIMATED_EXPIRY_ALIAS,2026-08-02.2,PUT_CALL_PARITY,AUG26,AUG26=PUT_CALL_PARITY;DEC26=PUT_CALL_PARITY;NOV26=PUT_CALL_PARITY;JAN27=PUT_CALL_PARITY;OCT26=PUT_CALL_PARITY;SEP26=PUT_CALL_PARITY;FEB27=PUT_CALL_PARITY;MAR27=PUT_CALL_PARITY;APR27=PUT_CALL_PARITY;JUN27=PUT_CALL_PARITY;MAY27=PUT_CALL_PARITY;JUL27=PUT_CALL_PARITY;SEP27=SERIES_FORWARD_CLUSTER;DEC27=SERIES_FORWARD_CLUSTER;JUN28=SERIES_FORWARD_CLUSTER;MAR28=SERIES_FORWARD_CLUSTER,AUG26=1.1558;DEC26=1.1599;NOV26=1.15995;JAN27=1.16445;OCT26=1.15995;SEP26=1.15585;FEB27=1.1641;MAR27=1.1641;APR27=1.16815;JUN27=1.16795;MAY27=1.1681;JUL27=1.17195;SEP27=1.0637;DEC27=1.1295;JUN28=1.1122;MAR28=1.2003,NONE,WEIGHTED_ATM,2026-08-21,8,36,0.0,NONE,1921,958,6,0,70,6H;CFW,MEM;SEC;TEC;WEC,OK,NONE,NONE,2026-08-10
EUR,1.11,-28638115.196143232,2126861900.7354321,0.0,0.0,0.0,0.0,0.0,0.0,1.159065846962074,1.1525341530379263,1.162331693924148,1.1492683060758524,SEP26,AUG26,2026-08-11,2026-09-04,1.1558000000000002,1.1536542737353404,FOUND,WARN,UNKNOWN_SERIES;ESTIMATED_EXPIRY_ALIAS,2026-08-02.2,PUT_CALL_PARITY,AUG26,AUG26=PUT_CALL_PARITY;DEC26=PUT_CALL_PARITY;NOV26=PUT_CALL_PARITY;JAN27=PUT_CALL_PARITY;OCT26=PUT_CALL_PARITY;SEP26=PUT_CALL_PARITY;FEB27=PUT_CALL_PARITY;MAR27=PUT_CALL_PARITY;APR27=PUT_CALL_PARITY;JUN27=PUT_CALL_PARITY;MAY27=PUT_CALL_PARITY;JUL27=PUT_CALL_PARITY;SEP27=SERIES_FORWARD_CLUSTER;DEC27=SERIES_FORWARD_CLUSTER;JUN28=SERIES_FORWARD_CLUSTER;MAR28=SERIES_FORWARD_CLUSTER,AUG26=1.1558;DEC26=1.1599;NOV26=1.15995;JAN27=1.16445;OCT26=1.15995;SEP26=1.15585;FEB27=1.1641;MAR27=1.1641;APR27=1.16815;JUN27=1.16795;MAY27=1.1681;JUL27=1.17195;SEP27=1.0637;DEC27=1.1295;JUN28=1.1122;MAR28=1.2003,NONE,WEIGHTED_ATM,2026-08-21,8,36,0.0,NONE,1921,958,6,0,70,6H;CFW,MEM;SEC;TEC;WEC,OK,NONE,NONE,2026-08-10
EUR,1.115,-20076831.31477614,1492835948.2331007,0.0,0.0,0.0,0.0,0.0,0.0,1.159065846962074,1.1525341530379263,1.162331693924148,1.1492683060758524,SEP26,AUG26,2026-08-11,2026-09-04,1.1558000000000002,1.1536542737353404,FOUND,WARN,UNKNOWN_SERIES;ESTIMATED_EXPIRY_ALIAS,2026-08-02.2,PUT_CALL_PARITY,AUG26,AUG26=PUT_CALL_PARITY;DEC26=PUT_CALL_PARITY;NOV26=PUT_CALL_PARITY;JAN27=PUT_CALL_PARITY;OCT26=PUT_CALL_PARITY;SEP26=PUT_CALL_PARITY;FEB27=PUT_CALL_PARITY;MAR27=PUT_CALL_PARITY;APR27=PUT_CALL_PARITY;JUN27=PUT_CALL_PARITY;MAY27=PUT_CALL_PARITY;JUL27=PUT_CALL_PARITY;SEP27=SERIES_FORWARD_CLUSTER;DEC27=SERIES_FORWARD_CLUSTER;JUN28=SERIES_FORWARD_CLUSTER;MAR28=SERIES_FORWARD_CLUSTER,AUG26=1.1558;DEC26=1.1599;NOV26=1.15995;JAN27=1.16445;OCT26=1.15995;SEP26=1.15585;FEB27=1.1641;MAR27=1.1641;APR27=1.16815;JUN27=1.16795;MAY27=1.1681;JUL27=1.17195;SEP27=1.0637;DEC27=1.1295;JUN28=1.1122;MAR28=1.2003,NONE,WEIGHTED_ATM,2026-08-21,8,36,0.0,NONE,1921,958,6,0,70,6H;CFW,MEM;SEC;TEC;WEC,OK,NONE,NONE,2026-08-10
EUR,1.12,-51684283.93761964,3855945269.2852354,0.0,0.0,0.0,0.0,0.0,0.0,1.159065846962074,1.1525341530379263,1.162331693924148,1.1492683060758524,SEP26,AUG26,2026-08-11,2026-09-04,1.1558000000000002,1.1536542737353404,FOUND,WARN,UNKNOWN_SERIES;ESTIMATED_EXPIRY_ALIAS,2026-08-02.2,PUT_CALL_PARITY,AUG26,AUG26=PUT_CALL_PARITY;DEC26=PUT_CALL_PARITY;NOV26=PUT_CALL_PARITY;JAN27=PUT_CALL_PARITY;OCT26=PUT_CALL_PARITY;SEP26=PUT_CALL_PARITY;FEB27=PUT_CALL_PARITY;MAR27=PUT_CALL_PARITY;APR27=PUT_CALL_PARITY;JUN27=PUT_CALL_PARITY;MAY27=PUT_CALL_PARITY;JUL27=PUT_CALL_PARITY;SEP27=SERIES_FORWARD_CLUSTER;DEC27=SERIES_FORWARD_CLUSTER;JUN28=SERIES_FORWARD_CLUSTER;MAR28=SERIES_FORWARD_CLUSTER,AUG26=1.1558;DEC26=1.1599;NOV26=1.15995;JAN27=1.16445;OCT26=1.15995;SEP26=1.15585;FEB27=1.1641;MAR27=1.1641;APR27=1.16815;JUN27=1.16795;MAY27=1.1681;JUL27=1.17195;SEP27=1.0637;DEC27=1.1295;JUN28=1.1122;MAR28=1.2003,NONE,WEIGHTED_ATM,2026-08-21,8,36,0.0,NONE,1921,958,6,0,70,6H;CFW,MEM;SEC;TEC;WEC,OK,NONE,NONE,2026-08-10
EUR,1.1225,0.0,0.0,0.0,0.0,0.0,0.0,0.0,0.0,1.159065846962074,1.1525341530379263,1.162331693924148,1.1492683060758524,SEP26,AUG26,2026-08-11,2026-09-04,1.1558000000000002,1.1536542737353404,FOUND,WARN,UNKNOWN_SERIES;ESTIMATED_EXPIRY_ALIAS,2026-08-02.2,PUT_CALL_PARITY,AUG26,AUG26=PUT_CALL_PARITY;DEC26=PUT_CALL_PARITY;NOV26=PUT_CALL_PARITY;JAN27=PUT_CALL_PARITY;OCT26=PUT_CALL_PARITY;SEP26=PUT_CALL_PARITY;FEB27=PUT_CALL_PARITY;MAR27=PUT_CALL_PARITY;APR27=PUT_CALL_PARITY;JUN27=PUT_CALL_PARITY;MAY27=PUT_CALL_PARITY;JUL27=PUT_CALL_PARITY;SEP27=SERIES_FORWARD_CLUSTER;DEC27=SERIES_FORWARD_CLUSTER;JUN28=SERIES_FORWARD_CLUSTER;MAR28=SERIES_FORWARD_CLUSTER,AUG26=1.1558;DEC26=1.1599;NOV26=1.15995;JAN27=1.16445;OCT26=1.15995;SEP26=1.15585;FEB27=1.1641;MAR27=1.1641;APR27=1.16815;JUN27=1.16795;MAY27=1.1681;JUL27=1.17195;SEP27=1.0637;DEC27=1.1295;JUN28=1.1122;MAR28=1.2003,NONE,WEIGHTED_ATM,2026-08-21,8,36,0.0,NONE,1921,958,6,0,70,6H;CFW,MEM;SEC;TEC;WEC,OK,NONE,NONE,2026-08-10
EUR,1.125,-81374895.2564767,6130773125.720802,0.0,0.0,0.0,0.0,0.0,0.0,1.159065846962074,1.1525341530379263,1.162331693924148,1.1492683060758524,SEP26,AUG26,2026-08-11,2026-09-04,1.1558000000000002,1.1536542737353404,FOUND,WARN,UNKNOWN_SERIES;ESTIMATED_EXPIRY_ALIAS,2026-08-02.2,PUT_CALL_PARITY,AUG26,AUG26=PUT_CALL_PARITY;DEC26=PUT_CALL_PARITY;NOV26=PUT_CALL_PARITY;JAN27=PUT_CALL_PARITY;OCT26=PUT_CALL_PARITY;SEP26=PUT_CALL_PARITY;FEB27=PUT_CALL_PARITY;MAR27=PUT_CALL_PARITY;APR27=PUT_CALL_PARITY;JUN27=PUT_CALL_PARITY;MAY27=PUT_CALL_PARITY;JUL27=PUT_CALL_PARITY;SEP27=SERIES_FORWARD_CLUSTER;DEC27=SERIES_FORWARD_CLUSTER;JUN28=SERIES_FORWARD_CLUSTER;MAR28=SERIES_FORWARD_CLUSTER,AUG26=1.1558;DEC26=1.1599;NOV26=1.15995;JAN27=1.16445;OCT26=1.15995;SEP26=1.15585;FEB27=1.1641;MAR27=1.1641;APR27=1.16815;JUN27=1.16795;MAY27=1.1681;JUL27=1.17195;SEP27=1.0637;DEC27=1.1295;JUN28=1.1122;MAR28=1.2003,NONE,WEIGHTED_ATM,2026-08-21,8,36,0.0,NONE,1921,958,6,0,70,6H;CFW,MEM;SEC;TEC;WEC,OK,NONE,NONE,2026-08-10
EUR,1.1275,-2850687.343734909,213394984.2542674,0.0,0.0,0.0,0.0,0.0,0.0,1.159065846962074,1.1525341530379263,1.162331693924148,1.1492683060758524,SEP26,AUG26,2026-08-11,2026-09-04,1.1558000000000002,1.1536542737353404,FOUND,WARN,UNKNOWN_SERIES;ESTIMATED_EXPIRY_ALIAS,2026-08-02.2,PUT_CALL_PARITY,AUG26,AUG26=PUT_CALL_PARITY;DEC26=PUT_CALL_PARITY;NOV26=PUT_CALL_PARITY;JAN27=PUT_CALL_PARITY;OCT26=PUT_CALL_PARITY;SEP26=PUT_CALL_PARITY;FEB27=PUT_CALL_PARITY;MAR27=PUT_CALL_PARITY;APR27=PUT_CALL_PARITY;JUN27=PUT_CALL_PARITY;MAY27=PUT_CALL_PARITY;JUL27=PUT_CALL_PARITY;SEP27=SERIES_FORWARD_CLUSTER;DEC27=SERIES_FORWARD_CLUSTER;JUN28=SERIES_FORWARD_CLUSTER;MAR28=SERIES_FORWARD_CLUSTER,AUG26=1.1558;DEC26=1.1599;NOV26=1.15995;JAN27=1.16445;OCT26=1.15995;SEP26=1.15585;FEB27=1.1641;MAR27=1.1641;APR27=1.16815;JUN27=1.16795;MAY27=1.1681;JUL27=1.17195;SEP27=1.0637;DEC27=1.1295;JUN28=1.1122;MAR28=1.2003,NONE,WEIGHTED_ATM,2026-08-21,8,36,0.0,NONE,1921,958,6,0,70,6H;CFW,MEM;SEC;TEC;WEC,OK,NONE,NONE,2026-08-10
EUR,1.13,-145293816.01619312,10991009574.793337,0.0,0.0,0.0,0.0,0.0,0.0,1.159065846962074,1.1525341530379263,1.162331693924148,1.1492683060758524,SEP26,AUG26,2026-08-11,2026-09-04,1.1558000000000002,1.1536542737353404,FOUND,WARN,UNKNOWN_SERIES;ESTIMATED_EXPIRY_ALIAS,2026-08-02.2,PUT_CALL_PARITY,AUG26,AUG26=PUT_CALL_PARITY;DEC26=PUT_CALL_PARITY;NOV26=PUT_CALL_PARITY;JAN27=PUT_CALL_PARITY;OCT26=PUT_CALL_PARITY;SEP26=PUT_CALL_PARITY;FEB27=PUT_CALL_PARITY;MAR27=PUT_CALL_PARITY;APR27=PUT_CALL_PARITY;JUN27=PUT_CALL_PARITY;MAY27=PUT_CALL_PARITY;JUL27=PUT_CALL_PARITY;SEP27=SERIES_FORWARD_CLUSTER;DEC27=SERIES_FORWARD_CLUSTER;JUN28=SERIES_FORWARD_CLUSTER;MAR28=SERIES_FORWARD_CLUSTER,AUG26=1.1558;DEC26=1.1599;NOV26=1.15995;JAN27=1.16445;OCT26=1.15995;SEP26=1.15585;FEB27=1.1641;MAR27=1.1641;APR27=1.16815;JUN27=1.16795;MAY27=1.1681;JUL27=1.17195;SEP27=1.0637;DEC27=1.1295;JUN28=1.1122;MAR28=1.2003,NONE,WEIGHTED_ATM,2026-08-21,8,36,0.0,NONE,1921,958,6,0,70,6H;CFW,MEM;SEC;TEC;WEC,OK,NONE,NONE,2026-08-10
EUR,1.1325,-1887170.9891244331,143235275.59387127,0.0,0.0,0.0,0.0,0.0,0.0,1.159065846962074,1.1525341530379263,1.162331693924148,1.1492683060758524,SEP26,AUG26,2026-08-11,2026-09-04,1.1558000000000002,1.1536542737353404,FOUND,WARN,UNKNOWN_SERIES;ESTIMATED_EXPIRY_ALIAS,2026-08-02.2,PUT_CALL_PARITY,AUG26,AUG26=PUT_CALL_PARITY;DEC26=PUT_CALL_PARITY;NOV26=PUT_CALL_PARITY;JAN27=PUT_CALL_PARITY;OCT26=PUT_CALL_PARITY;SEP26=PUT_CALL_PARITY;FEB27=PUT_CALL_PARITY;MAR27=PUT_CALL_PARITY;APR27=PUT_CALL_PARITY;JUN27=PUT_CALL_PARITY;MAY27=PUT_CALL_PARITY;JUL27=PUT_CALL_PARITY;SEP27=SERIES_FORWARD_CLUSTER;DEC27=SERIES_FORWARD_CLUSTER;JUN28=SERIES_FORWARD_CLUSTER;MAR28=SERIES_FORWARD_CLUSTER,AUG26=1.1558;DEC26=1.1599;NOV26=1.15995;JAN27=1.16445;OCT26=1.15995;SEP26=1.15585;FEB27=1.1641;MAR27=1.1641;APR27=1.16815;JUN27=1.16795;MAY27=1.1681;JUL27=1.17195;SEP27=1.0637;DEC27=1.1295;JUN28=1.1122;MAR28=1.2003,NONE,WEIGHTED_ATM,2026-08-21,8,36,0.0,NONE,1921,958,6,0,70,6H;CFW,MEM;SEC;TEC;WEC,OK,NONE,NONE,2026-08-10
EUR,1.135,-98154582.06337379,8366564397.983018,0.0,0.0,0.0,0.0,0.0,0.0,1.159065846962074,1.1525341530379263,1.162331693924148,1.1492683060758524,SEP26,AUG26,2026-08-11,2026-09-04,1.1558000000000002,1.1536542737353404,FOUND,WARN,UNKNOWN_SERIES;ESTIMATED_EXPIRY_ALIAS,2026-08-02.2,PUT_CALL_PARITY,AUG26,AUG26=PUT_CALL_PARITY;DEC26=PUT_CALL_PARITY;NOV26=PUT_CALL_PARITY;JAN27=PUT_CALL_PARITY;OCT26=PUT_CALL_PARITY;SEP26=PUT_CALL_PARITY;FEB27=PUT_CALL_PARITY;MAR27=PUT_CALL_PARITY;APR27=PUT_CALL_PARITY;JUN27=PUT_CALL_PARITY;MAY27=PUT_CALL_PARITY;JUL27=PUT_CALL_PARITY;SEP27=SERIES_FORWARD_CLUSTER;DEC27=SERIES_FORWARD_CLUSTER;JUN28=SERIES_FORWARD_CLUSTER;MAR28=SERIES_FORWARD_CLUSTER,AUG26=1.1558;DEC26=1.1599;NOV26=1.15995;JAN27=1.16445;OCT26=1.15995;SEP26=1.15585;FEB27=1.1641;MAR27=1.1641;APR27=1.16815;JUN27=1.16795;MAY27=1.1681;JUL27=1.17195;SEP27=1.0637;DEC27=1.1295;JUN28=1.1122;MAR28=1.2003,NONE,WEIGHTED_ATM,2026-08-21,8,36,0.0,NONE,1921,958,6,0,70,6H;CFW,MEM;SEC;TEC;WEC,OK,NONE,NONE,2026-08-10
EUR,1.1375,-505221.1353213079,37817880.42157058,0.0,0.0,0.0,0.0,0.0,0.0,1.159065846962074,1.1525341530379263,1.162331693924148,1.1492683060758524,SEP26,AUG26,2026-08-11,2026-09-04,1.1558000000000002,1.1536542737353404,FOUND,WARN,UNKNOWN_SERIES;ESTIMATED_EXPIRY_ALIAS,2026-08-02.2,PUT_CALL_PARITY,AUG26,AUG26=PUT_CALL_PARITY;DEC26=PUT_CALL_PARITY;NOV26=PUT_CALL_PARITY;JAN27=PUT_CALL_PARITY;OCT26=PUT_CALL_PARITY;SEP26=PUT_CALL_PARITY;FEB27=PUT_CALL_PARITY;MAR27=PUT_CALL_PARITY;APR27=PUT_CALL_PARITY;JUN27=PUT_CALL_PARITY;MAY27=PUT_CALL_PARITY;JUL27=PUT_CALL_PARITY;SEP27=SERIES_FORWARD_CLUSTER;DEC27=SERIES_FORWARD_CLUSTER;JUN28=SERIES_FORWARD_CLUSTER;MAR28=SERIES_FORWARD_CLUSTER,AUG26=1.1558;DEC26=1.1599;NOV26=1.15995;JAN27=1.16445;OCT26=1.15995;SEP26=1.15585;FEB27=1.1641;MAR27=1.1641;APR27=1.16815;JUN27=1.16795;MAY27=1.1681;JUL27=1.17195;SEP27=1.0637;DEC27=1.1295;JUN28=1.1122;MAR28=1.2003,NONE,WEIGHTED_ATM,2026-08-21,8,36,0.0,NONE,1921,958,6,0,70,6H;CFW,MEM;SEC;TEC;WEC,OK,NONE,NONE,2026-08-10
EUR,1.14,-47388485.53510993,33499142078.919598,0.0,0.0,0.0,0.0,0.0,5771.0,1.159065846962074,1.1525341530379263,1.162331693924148,1.1492683060758524,SEP26,AUG26,2026-08-11,2026-09-04,1.1558000000000002,1.1536542737353404,FOUND,WARN,UNKNOWN_SERIES;ESTIMATED_EXPIRY_ALIAS,2026-08-02.2,PUT_CALL_PARITY,AUG26,AUG26=PUT_CALL_PARITY;DEC26=PUT_CALL_PARITY;NOV26=PUT_CALL_PARITY;JAN27=PUT_CALL_PARITY;OCT26=PUT_CALL_PARITY;SEP26=PUT_CALL_PARITY;FEB27=PUT_CALL_PARITY;MAR27=PUT_CALL_PARITY;APR27=PUT_CALL_PARITY;JUN27=PUT_CALL_PARITY;MAY27=PUT_CALL_PARITY;JUL27=PUT_CALL_PARITY;SEP27=SERIES_FORWARD_CLUSTER;DEC27=SERIES_FORWARD_CLUSTER;JUN28=SERIES_FORWARD_CLUSTER;MAR28=SERIES_FORWARD_CLUSTER,AUG26=1.1558;DEC26=1.1599;NOV26=1.15995;JAN27=1.16445;OCT26=1.15995;SEP26=1.15585;FEB27=1.1641;MAR27=1.1641;APR27=1.16815;JUN27=1.16795;MAY27=1.1681;JUL27=1.17195;SEP27=1.0637;DEC27=1.1295;JUN28=1.1122;MAR28=1.2003,NONE,WEIGHTED_ATM,2026-08-21,8,36,0.0,NONE,1921,958,6,0,70,6H;CFW,MEM;SEC;TEC;WEC,OK,NONE,NONE,2026-08-10
EUR,1.1425,-2712576.3695723647,2160918452.3267503,0.0,0.0,0.0,0.0,0.0,0.0,1.159065846962074,1.1525341530379263,1.162331693924148,1.1492683060758524,SEP26,AUG26,2026-08-11,2026-09-04,1.1558000000000002,1.1536542737353404,FOUND,WARN,UNKNOWN_SERIES;ESTIMATED_EXPIRY_ALIAS,2026-08-02.2,PUT_CALL_PARITY,AUG26,AUG26=PUT_CALL_PARITY;DEC26=PUT_CALL_PARITY;NOV26=PUT_CALL_PARITY;JAN27=PUT_CALL_PARITY;OCT26=PUT_CALL_PARITY;SEP26=PUT_CALL_PARITY;FEB27=PUT_CALL_PARITY;MAR27=PUT_CALL_PARITY;APR27=PUT_CALL_PARITY;JUN27=PUT_CALL_PARITY;MAY27=PUT_CALL_PARITY;JUL27=PUT_CALL_PARITY;SEP27=SERIES_FORWARD_CLUSTER;DEC27=SERIES_FORWARD_CLUSTER;JUN28=SERIES_FORWARD_CLUSTER;MAR28=SERIES_FORWARD_CLUSTER,AUG26=1.1558;DEC26=1.1599;NOV26=1.15995;JAN27=1.16445;OCT26=1.15995;SEP26=1.15585;FEB27=1.1641;MAR27=1.1641;APR27=1.16815;JUN27=1.16795;MAY27=1.1681;JUL27=1.17195;SEP27=1.0637;DEC27=1.1295;JUN28=1.1122;MAR28=1.2003,NONE,WEIGHTED_ATM,2026-08-21,8,36,0.0,NONE,1921,958,6,0,70,6H;CFW,MEM;SEC;TEC;WEC,OK,NONE,NONE,2026-08-10
EUR,1.145,-147885803.45057842,23163226890.931515,0.0,0.0,0.0,0.0,0.0,0.0,1.159065846962074,1.1525341530379263,1.162331693924148,1.1492683060758524,SEP26,AUG26,2026-08-11,2026-09-04,1.1558000000000002,1.1536542737353404,FOUND,WARN,UNKNOWN_SERIES;ESTIMATED_EXPIRY_ALIAS,2026-08-02.2,PUT_CALL_PARITY,AUG26,AUG26=PUT_CALL_PARITY;DEC26=PUT_CALL_PARITY;NOV26=PUT_CALL_PARITY;JAN27=PUT_CALL_PARITY;OCT26=PUT_CALL_PARITY;SEP26=PUT_CALL_PARITY;FEB27=PUT_CALL_PARITY;MAR27=PUT_CALL_PARITY;APR27=PUT_CALL_PARITY;JUN27=PUT_CALL_PARITY;MAY27=PUT_CALL_PARITY;JUL27=PUT_CALL_PARITY;SEP27=SERIES_FORWARD_CLUSTER;DEC27=SERIES_FORWARD_CLUSTER;JUN28=SERIES_FORWARD_CLUSTER;MAR28=SERIES_FORWARD_CLUSTER,AUG26=1.1558;DEC26=1.1599;NOV26=1.15995;JAN27=1.16445;OCT26=1.15995;SEP26=1.15585;FEB27=1.1641;MAR27=1.1641;APR27=1.16815;JUN27=1.16795;MAY27=1.1681;JUL27=1.17195;SEP27=1.0637;DEC27=1.1295;JUN28=1.1122;MAR28=1.2003,NONE,WEIGHTED_ATM,2026-08-21,8,36,0.0,NONE,1921,958,6,0,70,6H;CFW,MEM;SEC;TEC;WEC,OK,NONE,NONE,2026-08-10
EUR,1.1475,-70498897.9257975,5752176798.633939,0.0,0.0,0.0,0.0,0.0,0.0,1.159065846962074,1.1525341530379263,1.162331693924148,1.1492683060758524,SEP26,AUG26,2026-08-11,2026-09-04,1.1558000000000002,1.1536542737353404,FOUND,WARN,UNKNOWN_SERIES;ESTIMATED_EXPIRY_ALIAS,2026-08-02.2,PUT_CALL_PARITY,AUG26,AUG26=PUT_CALL_PARITY;DEC26=PUT_CALL_PARITY;NOV26=PUT_CALL_PARITY;JAN27=PUT_CALL_PARITY;OCT26=PUT_CALL_PARITY;SEP26=PUT_CALL_PARITY;FEB27=PUT_CALL_PARITY;MAR27=PUT_CALL_PARITY;APR27=PUT_CALL_PARITY;JUN27=PUT_CALL_PARITY;MAY27=PUT_CALL_PARITY;JUL27=PUT_CALL_PARITY;SEP27=SERIES_FORWARD_CLUSTER;DEC27=SERIES_FORWARD_CLUSTER;JUN28=SERIES_FORWARD_CLUSTER;MAR28=SERIES_FORWARD_CLUSTER,AUG26=1.1558;DEC26=1.1599;NOV26=1.15995;JAN27=1.16445;OCT26=1.15995;SEP26=1.15585;FEB27=1.1641;MAR27=1.1641;APR27=1.16815;JUN27=1.16795;MAY27=1.1681;JUL27=1.17195;SEP27=1.0637;DEC27=1.1295;JUN28=1.1122;MAR28=1.2003,NONE,WEIGHTED_ATM,2026-08-21,8,36,0.0,NONE,1921,958,6,0,70,6H;CFW,MEM;SEC;TEC;WEC,OK,NONE,NONE,2026-08-10
EUR,1.15,-141287604.4619962,54739706757.26303,0.0,0.0,0.0,0.0,0.0,0.0,1.159065846962074,1.1525341530379263,1.162331693924148,1.1492683060758524,SEP26,AUG26,2026-08-11,2026-09-04,1.1558000000000002,1.1536542737353404,FOUND,WARN,UNKNOWN_SERIES;ESTIMATED_EXPIRY_ALIAS,2026-08-02.2,PUT_CALL_PARITY,AUG26,AUG26=PUT_CALL_PARITY;DEC26=PUT_CALL_PARITY;NOV26=PUT_CALL_PARITY;JAN27=PUT_CALL_PARITY;OCT26=PUT_CALL_PARITY;SEP26=PUT_CALL_PARITY;FEB27=PUT_CALL_PARITY;MAR27=PUT_CALL_PARITY;APR27=PUT_CALL_PARITY;JUN27=PUT_CALL_PARITY;MAY27=PUT_CALL_PARITY;JUL27=PUT_CALL_PARITY;SEP27=SERIES_FORWARD_CLUSTER;DEC27=SERIES_FORWARD_CLUSTER;JUN28=SERIES_FORWARD_CLUSTER;MAR28=SERIES_FORWARD_CLUSTER,AUG26=1.1558;DEC26=1.1599;NOV26=1.15995;JAN27=1.16445;OCT26=1.15995;SEP26=1.15585;FEB27=1.1641;MAR27=1.1641;APR27=1.16815;JUN27=1.16795;MAY27=1.1681;JUL27=1.17195;SEP27=1.0637;DEC27=1.1295;JUN28=1.1122;MAR28=1.2003,NONE,WEIGHTED_ATM,2026-08-21,8,36,0.0,NONE,1921,958,6,0,70,6H;CFW,MEM;SEC;TEC;WEC,OK,NONE,NONE,2026-08-10
EUR,1.1525,35982785.27245377,8575932283.15615,0.0,0.0,0.0,0.0,0.0,0.0,1.159065846962074,1.1525341530379263,1.162331693924148,1.1492683060758524,SEP26,AUG26,2026-08-11,2026-09-04,1.1558000000000002,1.1536542737353404,FOUND,WARN,UNKNOWN_SERIES;ESTIMATED_EXPIRY_ALIAS,2026-08-02.2,PUT_CALL_PARITY,AUG26,AUG26=PUT_CALL_PARITY;DEC26=PUT_CALL_PARITY;NOV26=PUT_CALL_PARITY;JAN27=PUT_CALL_PARITY;OCT26=PUT_CALL_PARITY;SEP26=PUT_CALL_PARITY;FEB27=PUT_CALL_PARITY;MAR27=PUT_CALL_PARITY;APR27=PUT_CALL_PARITY;JUN27=PUT_CALL_PARITY;MAY27=PUT_CALL_PARITY;JUL27=PUT_CALL_PARITY;SEP27=SERIES_FORWARD_CLUSTER;DEC27=SERIES_FORWARD_CLUSTER;JUN28=SERIES_FORWARD_CLUSTER;MAR28=SERIES_FORWARD_CLUSTER,AUG26=1.1558;DEC26=1.1599;NOV26=1.15995;JAN27=1.16445;OCT26=1.15995;SEP26=1.15585;FEB27=1.1641;MAR27=1.1641;APR27=1.16815;JUN27=1.16795;MAY27=1.1681;JUL27=1.17195;SEP27=1.0637;DEC27=1.1295;JUN28=1.1122;MAR28=1.2003,NONE,WEIGHTED_ATM,2026-08-21,8,36,0.0,NONE,1921,958,6,0,70,6H;CFW,MEM;SEC;TEC;WEC,OK,NONE,NONE,2026-08-10
EUR,1.155,-283378722.14637387,116303710243.47252,0.0,0.0,0.0026,73.0,0.0,0.0,1.159065846962074,1.1525341530379263,1.162331693924148,1.1492683060758524,SEP26,AUG26,2026-08-11,2026-09-04,1.1558000000000002,1.1536542737353404,FOUND,WARN,UNKNOWN_SERIES;ESTIMATED_EXPIRY_ALIAS,2026-08-02.2,PUT_CALL_PARITY,AUG26,AUG26=PUT_CALL_PARITY;DEC26=PUT_CALL_PARITY;NOV26=PUT_CALL_PARITY;JAN27=PUT_CALL_PARITY;OCT26=PUT_CALL_PARITY;SEP26=PUT_CALL_PARITY;FEB27=PUT_CALL_PARITY;MAR27=PUT_CALL_PARITY;APR27=PUT_CALL_PARITY;JUN27=PUT_CALL_PARITY;MAY27=PUT_CALL_PARITY;JUL27=PUT_CALL_PARITY;SEP27=SERIES_FORWARD_CLUSTER;DEC27=SERIES_FORWARD_CLUSTER;JUN28=SERIES_FORWARD_CLUSTER;MAR28=SERIES_FORWARD_CLUSTER,AUG26=1.1558;DEC26=1.1599;NOV26=1.15995;JAN27=1.16445;OCT26=1.15995;SEP26=1.15585;FEB27=1.1641;MAR27=1.1641;APR27=1.16815;JUN27=1.16795;MAY27=1.1681;JUL27=1.17195;SEP27=1.0637;DEC27=1.1295;JUN28=1.1122;MAR28=1.2003,NONE,WEIGHTED_ATM,2026-08-21,8,36,0.0,NONE,1921,958,6,0,70,6H;CFW,MEM;SEC;TEC;WEC,OK,NONE,NONE,2026-08-10
EUR,1.1575,-18946434.739679806,27255439969.939564,0.0022,7.0,0.0,0.0,0.0,0.0,1.159065846962074,1.1525341530379263,1.162331693924148,1.1492683060758524,SEP26,AUG26,2026-08-11,2026-09-04,1.1558000000000002,1.1536542737353404,FOUND,WARN,UNKNOWN_SERIES;ESTIMATED_EXPIRY_ALIAS,2026-08-02.2,PUT_CALL_PARITY,AUG26,AUG26=PUT_CALL_PARITY;DEC26=PUT_CALL_PARITY;NOV26=PUT_CALL_PARITY;JAN27=PUT_CALL_PARITY;OCT26=PUT_CALL_PARITY;SEP26=PUT_CALL_PARITY;FEB27=PUT_CALL_PARITY;MAR27=PUT_CALL_PARITY;APR27=PUT_CALL_PARITY;JUN27=PUT_CALL_PARITY;MAY27=PUT_CALL_PARITY;JUL27=PUT_CALL_PARITY;SEP27=SERIES_FORWARD_CLUSTER;DEC27=SERIES_FORWARD_CLUSTER;JUN28=SERIES_FORWARD_CLUSTER;MAR28=SERIES_FORWARD_CLUSTER,AUG26=1.1558;DEC26=1.1599;NOV26=1.15995;JAN27=1.16445;OCT26=1.15995;SEP26=1.15585;FEB27=1.1641;MAR27=1.1641;APR27=1.16815;JUN27=1.16795;MAY27=1.1681;JUL27=1.17195;SEP27=1.0637;DEC27=1.1295;JUN28=1.1122;MAR28=1.2003,NONE,WEIGHTED_ATM,2026-08-21,8,36,0.0,NONE,1921,958,6,0,70,6H;CFW,MEM;SEC;TEC;WEC,OK,NONE,NONE,2026-08-10
EUR,1.16,184825101.8671387,87350810621.64807,0.0,0.0,0.0,0.0,0.0,0.0,1.159065846962074,1.1525341530379263,1.162331693924148,1.1492683060758524,SEP26,AUG26,2026-08-11,2026-09-04,1.1558000000000002,1.1536542737353404,FOUND,WARN,UNKNOWN_SERIES;ESTIMATED_EXPIRY_ALIAS,2026-08-02.2,PUT_CALL_PARITY,AUG26,AUG26=PUT_CALL_PARITY;DEC26=PUT_CALL_PARITY;NOV26=PUT_CALL_PARITY;JAN27=PUT_CALL_PARITY;OCT26=PUT_CALL_PARITY;SEP26=PUT_CALL_PARITY;FEB27=PUT_CALL_PARITY;MAR27=PUT_CALL_PARITY;APR27=PUT_CALL_PARITY;JUN27=PUT_CALL_PARITY;MAY27=PUT_CALL_PARITY;JUL27=PUT_CALL_PARITY;SEP27=SERIES_FORWARD_CLUSTER;DEC27=SERIES_FORWARD_CLUSTER;JUN28=SERIES_FORWARD_CLUSTER;MAR28=SERIES_FORWARD_CLUSTER,AUG26=1.1558;DEC26=1.1599;NOV26=1.15995;JAN27=1.16445;OCT26=1.15995;SEP26=1.15585;FEB27=1.1641;MAR27=1.1641;APR27=1.16815;JUN27=1.16795;MAY27=1.1681;JUL27=1.17195;SEP27=1.0637;DEC27=1.1295;JUN28=1.1122;MAR28=1.2003,NONE,WEIGHTED_ATM,2026-08-21,8,36,0.0,NONE,1921,958,6,0,70,6H;CFW,MEM;SEC;TEC;WEC,OK,NONE,NONE,2026-08-10
EUR,1.1625,130204250.67753631,9912472341.41234,0.0,0.0,0.0,0.0,0.0,0.0,1.159065846962074,1.1525341530379263,1.162331693924148,1.1492683060758524,SEP26,AUG26,2026-08-11,2026-09-04,1.1558000000000002,1.1536542737353404,FOUND,WARN,UNKNOWN_SERIES;ESTIMATED_EXPIRY_ALIAS,2026-08-02.2,PUT_CALL_PARITY,AUG26,AUG26=PUT_CALL_PARITY;DEC26=PUT_CALL_PARITY;NOV26=PUT_CALL_PARITY;JAN27=PUT_CALL_PARITY;OCT26=PUT_CALL_PARITY;SEP26=PUT_CALL_PARITY;FEB27=PUT_CALL_PARITY;MAR27=PUT_CALL_PARITY;APR27=PUT_CALL_PARITY;JUN27=PUT_CALL_PARITY;MAY27=PUT_CALL_PARITY;JUL27=PUT_CALL_PARITY;SEP27=SERIES_FORWARD_CLUSTER;DEC27=SERIES_FORWARD_CLUSTER;JUN28=SERIES_FORWARD_CLUSTER;MAR28=SERIES_FORWARD_CLUSTER,AUG26=1.1558;DEC26=1.1599;NOV26=1.15995;JAN27=1.16445;OCT26=1.15995;SEP26=1.15585;FEB27=1.1641;MAR27=1.1641;APR27=1.16815;JUN27=1.16795;MAY27=1.1681;JUL27=1.17195;SEP27=1.0637;DEC27=1.1295;JUN28=1.1122;MAR28=1.2003,NONE,WEIGHTED_ATM,2026-08-21,8,36,0.0,NONE,1921,958,6,0,70,6H;CFW,MEM;SEC;TEC;WEC,OK,NONE,NONE,2026-08-10
EUR,1.165,219738508.57133946,37543814310.23582,0.0,0.0,0.0,0.0,0.0,0.0,1.159065846962074,1.1525341530379263,1.162331693924148,1.1492683060758524,SEP26,AUG26,2026-08-11,2026-09-04,1.1558000000000002,1.1536542737353404,FOUND,WARN,UNKNOWN_SERIES;ESTIMATED_EXPIRY_ALIAS,2026-08-02.2,PUT_CALL_PARITY,AUG26,AUG26=PUT_CALL_PARITY;DEC26=PUT_CALL_PARITY;NOV26=PUT_CALL_PARITY;JAN27=PUT_CALL_PARITY;OCT26=PUT_CALL_PARITY;SEP26=PUT_CALL_PARITY;FEB27=PUT_CALL_PARITY;MAR27=PUT_CALL_PARITY;APR27=PUT_CALL_PARITY;JUN27=PUT_CALL_PARITY;MAY27=PUT_CALL_PARITY;JUL27=PUT_CALL_PARITY;SEP27=SERIES_FORWARD_CLUSTER;DEC27=SERIES_FORWARD_CLUSTER;JUN28=SERIES_FORWARD_CLUSTER;MAR28=SERIES_FORWARD_CLUSTER,AUG26=1.1558;DEC26=1.1599;NOV26=1.15995;JAN27=1.16445;OCT26=1.15995;SEP26=1.15585;FEB27=1.1641;MAR27=1.1641;APR27=1.16815;JUN27=1.16795;MAY27=1.1681;JUL27=1.17195;SEP27=1.0637;DEC27=1.1295;JUN28=1.1122;MAR28=1.2003,NONE,WEIGHTED_ATM,2026-08-21,8,36,0.0,NONE,1921,958,6,0,70,6H;CFW,MEM;SEC;TEC;WEC,OK,NONE,NONE,2026-08-10
EUR,1.1675,69310668.1989297,5188410482.793251,0.0,0.0,0.0,0.0,0.0,0.0,1.159065846962074,1.1525341530379263,1.162331693924148,1.1492683060758524,SEP26,AUG26,2026-08-11,2026-09-04,1.1558000000000002,1.1536542737353404,FOUND,WARN,UNKNOWN_SERIES;ESTIMATED_EXPIRY_ALIAS,2026-08-02.2,PUT_CALL_PARITY,AUG26,AUG26=PUT_CALL_PARITY;DEC26=PUT_CALL_PARITY;NOV26=PUT_CALL_PARITY;JAN27=PUT_CALL_PARITY;OCT26=PUT_CALL_PARITY;SEP26=PUT_CALL_PARITY;FEB27=PUT_CALL_PARITY;MAR27=PUT_CALL_PARITY;APR27=PUT_CALL_PARITY;JUN27=PUT_CALL_PARITY;MAY27=PUT_CALL_PARITY;JUL27=PUT_CALL_PARITY;SEP27=SERIES_FORWARD_CLUSTER;DEC27=SERIES_FORWARD_CLUSTER;JUN28=SERIES_FORWARD_CLUSTER;MAR28=SERIES_FORWARD_CLUSTER,AUG26=1.1558;DEC26=1.1599;NOV26=1.15995;JAN27=1.16445;OCT26=1.15995;SEP26=1.15585;FEB27=1.1641;MAR27=1.1641;APR27=1.16815;JUN27=1.16795;MAY27=1.1681;JUL27=1.17195;SEP27=1.0637;DEC27=1.1295;JUN28=1.1122;MAR28=1.2003,NONE,WEIGHTED_ATM,2026-08-21,8,36,0.0,NONE,1921,958,6,0,70,6H;CFW,MEM;SEC;TEC;WEC,OK,NONE,NONE,2026-08-10
EUR,1.17,266000418.53457585,48933048752.464165,0.0,0.0,0.0,0.0,0.0,0.0,1.159065846962074,1.1525341530379263,1.162331693924148,1.1492683060758524,SEP26,AUG26,2026-08-11,2026-09-04,1.1558000000000002,1.1536542737353404,FOUND,WARN,UNKNOWN_SERIES;ESTIMATED_EXPIRY_ALIAS,2026-08-02.2,PUT_CALL_PARITY,AUG26,AUG26=PUT_CALL_PARITY;DEC26=PUT_CALL_PARITY;NOV26=PUT_CALL_PARITY;JAN27=PUT_CALL_PARITY;OCT26=PUT_CALL_PARITY;SEP26=PUT_CALL_PARITY;FEB27=PUT_CALL_PARITY;MAR27=PUT_CALL_PARITY;APR27=PUT_CALL_PARITY;JUN27=PUT_CALL_PARITY;MAY27=PUT_CALL_PARITY;JUL27=PUT_CALL_PARITY;SEP27=SERIES_FORWARD_CLUSTER;DEC27=SERIES_FORWARD_CLUSTER;JUN28=SERIES_FORWARD_CLUSTER;MAR28=SERIES_FORWARD_CLUSTER,AUG26=1.1558;DEC26=1.1599;NOV26=1.15995;JAN27=1.16445;OCT26=1.15995;SEP26=1.15585;FEB27=1.1641;MAR27=1.1641;APR27=1.16815;JUN27=1.16795;MAY27=1.1681;JUL27=1.17195;SEP27=1.0637;DEC27=1.1295;JUN28=1.1122;MAR28=1.2003,NONE,WEIGHTED_ATM,2026-08-21,8,36,0.0,NONE,1921,958,6,0,70,6H;CFW,MEM;SEC;TEC;WEC,OK,NONE,NONE,2026-08-10
EUR,1.1725,59428.45910010699,4448502.651253127,0.0,0.0,0.0,0.0,0.0,0.0,1.159065846962074,1.1525341530379263,1.162331693924148,1.1492683060758524,SEP26,AUG26,2026-08-11,2026-09-04,1.1558000000000002,1.1536542737353404,FOUND,WARN,UNKNOWN_SERIES;ESTIMATED_EXPIRY_ALIAS,2026-08-02.2,PUT_CALL_PARITY,AUG26,AUG26=PUT_CALL_PARITY;DEC26=PUT_CALL_PARITY;NOV26=PUT_CALL_PARITY;JAN27=PUT_CALL_PARITY;OCT26=PUT_CALL_PARITY;SEP26=PUT_CALL_PARITY;FEB27=PUT_CALL_PARITY;MAR27=PUT_CALL_PARITY;APR27=PUT_CALL_PARITY;JUN27=PUT_CALL_PARITY;MAY27=PUT_CALL_PARITY;JUL27=PUT_CALL_PARITY;SEP27=SERIES_FORWARD_CLUSTER;DEC27=SERIES_FORWARD_CLUSTER;JUN28=SERIES_FORWARD_CLUSTER;MAR28=SERIES_FORWARD_CLUSTER,AUG26=1.1558;DEC26=1.1599;NOV26=1.15995;JAN27=1.16445;OCT26=1.15995;SEP26=1.15585;FEB27=1.1641;MAR27=1.1641;APR27=1.16815;JUN27=1.16795;MAY27=1.1681;JUL27=1.17195;SEP27=1.0637;DEC27=1.1295;JUN28=1.1122;MAR28=1.2003,NONE,WEIGHTED_ATM,2026-08-21,8,36,0.0,NONE,1921,958,6,0,70,6H;CFW,MEM;SEC;TEC;WEC,OK,NONE,NONE,2026-08-10
EUR,1.175,33053906.668879513,19417085700.921665,0.0,0.0,0.0,0.0,0.0,0.0,1.159065846962074,1.1525341530379263,1.162331693924148,1.1492683060758524,SEP26,AUG26,2026-08-11,2026-09-04,1.1558000000000002,1.1536542737353404,FOUND,WARN,UNKNOWN_SERIES;ESTIMATED_EXPIRY_ALIAS,2026-08-02.2,PUT_CALL_PARITY,AUG26,AUG26=PUT_CALL_PARITY;DEC26=PUT_CALL_PARITY;NOV26=PUT_CALL_PARITY;JAN27=PUT_CALL_PARITY;OCT26=PUT_CALL_PARITY;SEP26=PUT_CALL_PARITY;FEB27=PUT_CALL_PARITY;MAR27=PUT_CALL_PARITY;APR27=PUT_CALL_PARITY;JUN27=PUT_CALL_PARITY;MAY27=PUT_CALL_PARITY;JUL27=PUT_CALL_PARITY;SEP27=SERIES_FORWARD_CLUSTER;DEC27=SERIES_FORWARD_CLUSTER;JUN28=SERIES_FORWARD_CLUSTER;MAR28=SERIES_FORWARD_CLUSTER,AUG26=1.1558;DEC26=1.1599;NOV26=1.15995;JAN27=1.16445;OCT26=1.15995;SEP26=1.15585;FEB27=1.1641;MAR27=1.1641;APR27=1.16815;JUN27=1.16795;MAY27=1.1681;JUL27=1.17195;SEP27=1.0637;DEC27=1.1295;JUN28=1.1122;MAR28=1.2003,NONE,WEIGHTED_ATM,2026-08-21,8,36,0.0,NONE,1921,958,6,0,70,6H;CFW,MEM;SEC;TEC;WEC,OK,NONE,NONE,2026-08-10
EUR,1.1775,150510.7308344007,15586389.141441725,0.0,0.0,0.0,0.0,0.0,0.0,1.159065846962074,1.1525341530379263,1.162331693924148,1.1492683060758524,SEP26,AUG26,2026-08-11,2026-09-04,1.1558000000000002,1.1536542737353404,FOUND,WARN,UNKNOWN_SERIES;ESTIMATED_EXPIRY_ALIAS,2026-08-02.2,PUT_CALL_PARITY,AUG26,AUG26=PUT_CALL_PARITY;DEC26=PUT_CALL_PARITY;NOV26=PUT_CALL_PARITY;JAN27=PUT_CALL_PARITY;OCT26=PUT_CALL_PARITY;SEP26=PUT_CALL_PARITY;FEB27=PUT_CALL_PARITY;MAR27=PUT_CALL_PARITY;APR27=PUT_CALL_PARITY;JUN27=PUT_CALL_PARITY;MAY27=PUT_CALL_PARITY;JUL27=PUT_CALL_PARITY;SEP27=SERIES_FORWARD_CLUSTER;DEC27=SERIES_FORWARD_CLUSTER;JUN28=SERIES_FORWARD_CLUSTER;MAR28=SERIES_FORWARD_CLUSTER,AUG26=1.1558;DEC26=1.1599;NOV26=1.15995;JAN27=1.16445;OCT26=1.15995;SEP26=1.15585;FEB27=1.1641;MAR27=1.1641;APR27=1.16815;JUN27=1.16795;MAY27=1.1681;JUL27=1.17195;SEP27=1.0637;DEC27=1.1295;JUN28=1.1122;MAR28=1.2003,NONE,WEIGHTED_ATM,2026-08-21,8,36,0.0,NONE,1921,958,6,0,70,6H;CFW,MEM;SEC;TEC;WEC,OK,NONE,NONE,2026-08-10
EUR,1.18,405025625.57932013,42521921617.93524,0.0,0.0,0.0,0.0,20188.0,0.0,1.159065846962074,1.1525341530379263,1.162331693924148,1.1492683060758524,SEP26,AUG26,2026-08-11,2026-09-04,1.1558000000000002,1.1536542737353404,FOUND,WARN,UNKNOWN_SERIES;ESTIMATED_EXPIRY_ALIAS,2026-08-02.2,PUT_CALL_PARITY,AUG26,AUG26=PUT_CALL_PARITY;DEC26=PUT_CALL_PARITY;NOV26=PUT_CALL_PARITY;JAN27=PUT_CALL_PARITY;OCT26=PUT_CALL_PARITY;SEP26=PUT_CALL_PARITY;FEB27=PUT_CALL_PARITY;MAR27=PUT_CALL_PARITY;APR27=PUT_CALL_PARITY;JUN27=PUT_CALL_PARITY;MAY27=PUT_CALL_PARITY;JUL27=PUT_CALL_PARITY;SEP27=SERIES_FORWARD_CLUSTER;DEC27=SERIES_FORWARD_CLUSTER;JUN28=SERIES_FORWARD_CLUSTER;MAR28=SERIES_FORWARD_CLUSTER,AUG26=1.1558;DEC26=1.1599;NOV26=1.15995;JAN27=1.16445;OCT26=1.15995;SEP26=1.15585;FEB27=1.1641;MAR27=1.1641;APR27=1.16815;JUN27=1.16795;MAY27=1.1681;JUL27=1.17195;SEP27=1.0637;DEC27=1.1295;JUN28=1.1122;MAR28=1.2003,NONE,WEIGHTED_ATM,2026-08-21,8,36,0.0,NONE,1921,958,6,0,70,6H;CFW,MEM;SEC;TEC;WEC,OK,NONE,NONE,2026-08-10
EUR,1.1825,41561.56709584036,3110920.836477059,0.0,0.0,0.0,0.0,0.0,0.0,1.159065846962074,1.1525341530379263,1.162331693924148,1.1492683060758524,SEP26,AUG26,2026-08-11,2026-09-04,1.1558000000000002,1.1536542737353404,FOUND,WARN,UNKNOWN_SERIES;ESTIMATED_EXPIRY_ALIAS,2026-08-02.2,PUT_CALL_PARITY,AUG26,AUG26=PUT_CALL_PARITY;DEC26=PUT_CALL_PARITY;NOV26=PUT_CALL_PARITY;JAN27=PUT_CALL_PARITY;OCT26=PUT_CALL_PARITY;SEP26=PUT_CALL_PARITY;FEB27=PUT_CALL_PARITY;MAR27=PUT_CALL_PARITY;APR27=PUT_CALL_PARITY;JUN27=PUT_CALL_PARITY;MAY27=PUT_CALL_PARITY;JUL27=PUT_CALL_PARITY;SEP27=SERIES_FORWARD_CLUSTER;DEC27=SERIES_FORWARD_CLUSTER;JUN28=SERIES_FORWARD_CLUSTER;MAR28=SERIES_FORWARD_CLUSTER,AUG26=1.1558;DEC26=1.1599;NOV26=1.15995;JAN27=1.16445;OCT26=1.15995;SEP26=1.15585;FEB27=1.1641;MAR27=1.1641;APR27=1.16815;JUN27=1.16795;MAY27=1.1681;JUL27=1.17195;SEP27=1.0637;DEC27=1.1295;JUN28=1.1122;MAR28=1.2003,NONE,WEIGHTED_ATM,2026-08-21,8,36,0.0,NONE,1921,958,6,0,70,6H;CFW,MEM;SEC;TEC;WEC,OK,NONE,NONE,2026-08-10
EUR,1.185,47767805.67334538,4539161333.545825,0.0,0.0,0.0,0.0,0.0,0.0,1.159065846962074,1.1525341530379263,1.162331693924148,1.1492683060758524,SEP26,AUG26,2026-08-11,2026-09-04,1.1558000000000002,1.1536542737353404,FOUND,WARN,UNKNOWN_SERIES;ESTIMATED_EXPIRY_ALIAS,2026-08-02.2,PUT_CALL_PARITY,AUG26,AUG26=PUT_CALL_PARITY;DEC26=PUT_CALL_PARITY;NOV26=PUT_CALL_PARITY;JAN27=PUT_CALL_PARITY;OCT26=PUT_CALL_PARITY;SEP26=PUT_CALL_PARITY;FEB27=PUT_CALL_PARITY;MAR27=PUT_CALL_PARITY;APR27=PUT_CALL_PARITY;JUN27=PUT_CALL_PARITY;MAY27=PUT_CALL_PARITY;JUL27=PUT_CALL_PARITY;SEP27=SERIES_FORWARD_CLUSTER;DEC27=SERIES_FORWARD_CLUSTER;JUN28=SERIES_FORWARD_CLUSTER;MAR28=SERIES_FORWARD_CLUSTER,AUG26=1.1558;DEC26=1.1599;NOV26=1.15995;JAN27=1.16445;OCT26=1.15995;SEP26=1.15585;FEB27=1.1641;MAR27=1.1641;APR27=1.16815;JUN27=1.16795;MAY27=1.1681;JUL27=1.17195;SEP27=1.0637;DEC27=1.1295;JUN28=1.1122;MAR28=1.2003,NONE,WEIGHTED_ATM,2026-08-21,8,36,0.0,NONE,1921,958,6,0,70,6H;CFW,MEM;SEC;TEC;WEC,OK,NONE,NONE,2026-08-10
EUR,1.19,24537241.8749175,6796769574.308092,0.0,0.0,0.0,0.0,0.0,0.0,1.159065846962074,1.1525341530379263,1.162331693924148,1.1492683060758524,SEP26,AUG26,2026-08-11,2026-09-04,1.1558000000000002,1.1536542737353404,FOUND,WARN,UNKNOWN_SERIES;ESTIMATED_EXPIRY_ALIAS,2026-08-02.2,PUT_CALL_PARITY,AUG26,AUG26=PUT_CALL_PARITY;DEC26=PUT_CALL_PARITY;NOV26=PUT_CALL_PARITY;JAN27=PUT_CALL_PARITY;OCT26=PUT_CALL_PARITY;SEP26=PUT_CALL_PARITY;FEB27=PUT_CALL_PARITY;MAR27=PUT_CALL_PARITY;APR27=PUT_CALL_PARITY;JUN27=PUT_CALL_PARITY;MAY27=PUT_CALL_PARITY;JUL27=PUT_CALL_PARITY;SEP27=SERIES_FORWARD_CLUSTER;DEC27=SERIES_FORWARD_CLUSTER;JUN28=SERIES_FORWARD_CLUSTER;MAR28=SERIES_FORWARD_CLUSTER,AUG26=1.1558;DEC26=1.1599;NOV26=1.15995;JAN27=1.16445;OCT26=1.15995;SEP26=1.15585;FEB27=1.1641;MAR27=1.1641;APR27=1.16815;JUN27=1.16795;MAY27=1.1681;JUL27=1.17195;SEP27=1.0637;DEC27=1.1295;JUN28=1.1122;MAR28=1.2003,NONE,WEIGHTED_ATM,2026-08-21,8,36,0.0,NONE,1921,958,6,0,70,6H;CFW,MEM;SEC;TEC;WEC,OK,NONE,NONE,2026-08-10
EUR,1.195,50381761.175620824,5341173135.142825,0.0,0.0,0.0,0.0,0.0,0.0,1.159065846962074,1.1525341530379263,1.162331693924148,1.1492683060758524,SEP26,AUG26,2026-08-11,2026-09-04,1.1558000000000002,1.1536542737353404,FOUND,WARN,UNKNOWN_SERIES;ESTIMATED_EXPIRY_ALIAS,2026-08-02.2,PUT_CALL_PARITY,AUG26,AUG26=PUT_CALL_PARITY;DEC26=PUT_CALL_PARITY;NOV26=PUT_CALL_PARITY;JAN27=PUT_CALL_PARITY;OCT26=PUT_CALL_PARITY;SEP26=PUT_CALL_PARITY;FEB27=PUT_CALL_PARITY;MAR27=PUT_CALL_PARITY;APR27=PUT_CALL_PARITY;JUN27=PUT_CALL_PARITY;MAY27=PUT_CALL_PARITY;JUL27=PUT_CALL_PARITY;SEP27=SERIES_FORWARD_CLUSTER;DEC27=SERIES_FORWARD_CLUSTER;JUN28=SERIES_FORWARD_CLUSTER;MAR28=SERIES_FORWARD_CLUSTER,AUG26=1.1558;DEC26=1.1599;NOV26=1.15995;JAN27=1.16445;OCT26=1.15995;SEP26=1.15585;FEB27=1.1641;MAR27=1.1641;APR27=1.16815;JUN27=1.16795;MAY27=1.1681;JUL27=1.17195;SEP27=1.0637;DEC27=1.1295;JUN28=1.1122;MAR28=1.2003,NONE,WEIGHTED_ATM,2026-08-21,8,36,0.0,NONE,1921,958,6,0,70,6H;CFW,MEM;SEC;TEC;WEC,OK,NONE,NONE,2026-08-10
EUR,1.2,118563279.96240172,10936008190.624435,0.0,0.0,0.0,0.0,0.0,0.0,1.159065846962074,1.1525341530379263,1.162331693924148,1.1492683060758524,SEP26,AUG26,2026-08-11,2026-09-04,1.1558000000000002,1.1536542737353404,FOUND,WARN,UNKNOWN_SERIES;ESTIMATED_EXPIRY_ALIAS,2026-08-02.2,PUT_CALL_PARITY,AUG26,AUG26=PUT_CALL_PARITY;DEC26=PUT_CALL_PARITY;NOV26=PUT_CALL_PARITY;JAN27=PUT_CALL_PARITY;OCT26=PUT_CALL_PARITY;SEP26=PUT_CALL_PARITY;FEB27=PUT_CALL_PARITY;MAR27=PUT_CALL_PARITY;APR27=PUT_CALL_PARITY;JUN27=PUT_CALL_PARITY;MAY27=PUT_CALL_PARITY;JUL27=PUT_CALL_PARITY;SEP27=SERIES_FORWARD_CLUSTER;DEC27=SERIES_FORWARD_CLUSTER;JUN28=SERIES_FORWARD_CLUSTER;MAR28=SERIES_FORWARD_CLUSTER,AUG26=1.1558;DEC26=1.1599;NOV26=1.15995;JAN27=1.16445;OCT26=1.15995;SEP26=1.15585;FEB27=1.1641;MAR27=1.1641;APR27=1.16815;JUN27=1.16795;MAY27=1.1681;JUL27=1.17195;SEP27=1.0637;DEC27=1.1295;JUN28=1.1122;MAR28=1.2003,NONE,WEIGHTED_ATM,2026-08-21,8,36,0.0,NONE,1921,958,6,0,70,6H;CFW,MEM;SEC;TEC;WEC,OK,NONE,NONE,2026-08-10
EUR,1.205,10095204.634974364,1593584244.9071336,0.0,0.0,0.0,0.0,0.0,0.0,1.159065846962074,1.1525341530379263,1.162331693924148,1.1492683060758524,SEP26,AUG26,2026-08-11,2026-09-04,1.1558000000000002,1.1536542737353404,FOUND,WARN,UNKNOWN_SERIES;ESTIMATED_EXPIRY_ALIAS,2026-08-02.2,PUT_CALL_PARITY,AUG26,AUG26=PUT_CALL_PARITY;DEC26=PUT_CALL_PARITY;NOV26=PUT_CALL_PARITY;JAN27=PUT_CALL_PARITY;OCT26=PUT_CALL_PARITY;SEP26=PUT_CALL_PARITY;FEB27=PUT_CALL_PARITY;MAR27=PUT_CALL_PARITY;APR27=PUT_CALL_PARITY;JUN27=PUT_CALL_PARITY;MAY27=PUT_CALL_PARITY;JUL27=PUT_CALL_PARITY;SEP27=SERIES_FORWARD_CLUSTER;DEC27=SERIES_FORWARD_CLUSTER;JUN28=SERIES_FORWARD_CLUSTER;MAR28=SERIES_FORWARD_CLUSTER,AUG26=1.1558;DEC26=1.1599;NOV26=1.15995;JAN27=1.16445;OCT26=1.15995;SEP26=1.15585;FEB27=1.1641;MAR27=1.1641;APR27=1.16815;JUN27=1.16795;MAY27=1.1681;JUL27=1.17195;SEP27=1.0637;DEC27=1.1295;JUN28=1.1122;MAR28=1.2003,NONE,WEIGHTED_ATM,2026-08-21,8,36,0.0,NONE,1921,958,6,0,70,6H;CFW,MEM;SEC;TEC;WEC,OK,NONE,NONE,2026-08-10
EUR,1.21,6001904.365022682,448415665.6618907,0.0,0.0,0.0,0.0,0.0,0.0,1.159065846962074,1.1525341530379263,1.162331693924148,1.1492683060758524,SEP26,AUG26,2026-08-11,2026-09-04,1.1558000000000002,1.1536542737353404,FOUND,WARN,UNKNOWN_SERIES;ESTIMATED_EXPIRY_ALIAS,2026-08-02.2,PUT_CALL_PARITY,AUG26,AUG26=PUT_CALL_PARITY;DEC26=PUT_CALL_PARITY;NOV26=PUT_CALL_PARITY;JAN27=PUT_CALL_PARITY;OCT26=PUT_CALL_PARITY;SEP26=PUT_CALL_PARITY;FEB27=PUT_CALL_PARITY;MAR27=PUT_CALL_PARITY;APR27=PUT_CALL_PARITY;JUN27=PUT_CALL_PARITY;MAY27=PUT_CALL_PARITY;JUL27=PUT_CALL_PARITY;SEP27=SERIES_FORWARD_CLUSTER;DEC27=SERIES_FORWARD_CLUSTER;JUN28=SERIES_FORWARD_CLUSTER;MAR28=SERIES_FORWARD_CLUSTER,AUG26=1.1558;DEC26=1.1599;NOV26=1.15995;JAN27=1.16445;OCT26=1.15995;SEP26=1.15585;FEB27=1.1641;MAR27=1.1641;APR27=1.16815;JUN27=1.16795;MAY27=1.1681;JUL27=1.17195;SEP27=1.0637;DEC27=1.1295;JUN28=1.1122;MAR28=1.2003,NONE,WEIGHTED_ATM,2026-08-21,8,36,0.0,NONE,1921,958,6,0,70,6H;CFW,MEM;SEC;TEC;WEC,OK,NONE,NONE,2026-08-10
EUR,1.215,1397995.2897375831,292349634.16251767,0.0,0.0,0.0,0.0,0.0,0.0,1.159065846962074,1.1525341530379263,1.162331693924148,1.1492683060758524,SEP26,AUG26,2026-08-11,2026-09-04,1.1558000000000002,1.1536542737353404,FOUND,WARN,UNKNOWN_SERIES;ESTIMATED_EXPIRY_ALIAS,2026-08-02.2,PUT_CALL_PARITY,AUG26,AUG26=PUT_CALL_PARITY;DEC26=PUT_CALL_PARITY;NOV26=PUT_CALL_PARITY;JAN27=PUT_CALL_PARITY;OCT26=PUT_CALL_PARITY;SEP26=PUT_CALL_PARITY;FEB27=PUT_CALL_PARITY;MAR27=PUT_CALL_PARITY;APR27=PUT_CALL_PARITY;JUN27=PUT_CALL_PARITY;MAY27=PUT_CALL_PARITY;JUL27=PUT_CALL_PARITY;SEP27=SERIES_FORWARD_CLUSTER;DEC27=SERIES_FORWARD_CLUSTER;JUN28=SERIES_FORWARD_CLUSTER;MAR28=SERIES_FORWARD_CLUSTER,AUG26=1.1558;DEC26=1.1599;NOV26=1.15995;JAN27=1.16445;OCT26=1.15995;SEP26=1.15585;FEB27=1.1641;MAR27=1.1641;APR27=1.16815;JUN27=1.16795;MAY27=1.1681;JUL27=1.17195;SEP27=1.0637;DEC27=1.1295;JUN28=1.1122;MAR28=1.2003,NONE,WEIGHTED_ATM,2026-08-21,8,36,0.0,NONE,1921,958,6,0,70,6H;CFW,MEM;SEC;TEC;WEC,OK,NONE,NONE,2026-08-10
EUR,1.22,11579294.247493813,856611343.315309,0.0,0.0,0.0,0.0,0.0,0.0,1.159065846962074,1.1525341530379263,1.162331693924148,1.1492683060758524,SEP26,AUG26,2026-08-11,2026-09-04,1.1558000000000002,1.1536542737353404,FOUND,WARN,UNKNOWN_SERIES;ESTIMATED_EXPIRY_ALIAS,2026-08-02.2,PUT_CALL_PARITY,AUG26,AUG26=PUT_CALL_PARITY;DEC26=PUT_CALL_PARITY;NOV26=PUT_CALL_PARITY;JAN27=PUT_CALL_PARITY;OCT26=PUT_CALL_PARITY;SEP26=PUT_CALL_PARITY;FEB27=PUT_CALL_PARITY;MAR27=PUT_CALL_PARITY;APR27=PUT_CALL_PARITY;JUN27=PUT_CALL_PARITY;MAY27=PUT_CALL_PARITY;JUL27=PUT_CALL_PARITY;SEP27=SERIES_FORWARD_CLUSTER;DEC27=SERIES_FORWARD_CLUSTER;JUN28=SERIES_FORWARD_CLUSTER;MAR28=SERIES_FORWARD_CLUSTER,AUG26=1.1558;DEC26=1.1599;NOV26=1.15995;JAN27=1.16445;OCT26=1.15995;SEP26=1.15585;FEB27=1.1641;MAR27=1.1641;APR27=1.16815;JUN27=1.16795;MAY27=1.1681;JUL27=1.17195;SEP27=1.0637;DEC27=1.1295;JUN28=1.1122;MAR28=1.2003,NONE,WEIGHTED_ATM,2026-08-21,8,36,0.0,NONE,1921,958,6,0,70,6H;CFW,MEM;SEC;TEC;WEC,OK,NONE,NONE,2026-08-10
EUR,1.225,2928670.8390760436,217553647.98950782,0.0,0.0,0.0,0.0,0.0,0.0,1.159065846962074,1.1525341530379263,1.162331693924148,1.1492683060758524,SEP26,AUG26,2026-08-11,2026-09-04,1.1558000000000002,1.1536542737353404,FOUND,WARN,UNKNOWN_SERIES;ESTIMATED_EXPIRY_ALIAS,2026-08-02.2,PUT_CALL_PARITY,AUG26,AUG26=PUT_CALL_PARITY;DEC26=PUT_CALL_PARITY;NOV26=PUT_CALL_PARITY;JAN27=PUT_CALL_PARITY;OCT26=PUT_CALL_PARITY;SEP26=PUT_CALL_PARITY;FEB27=PUT_CALL_PARITY;MAR27=PUT_CALL_PARITY;APR27=PUT_CALL_PARITY;JUN27=PUT_CALL_PARITY;MAY27=PUT_CALL_PARITY;JUL27=PUT_CALL_PARITY;SEP27=SERIES_FORWARD_CLUSTER;DEC27=SERIES_FORWARD_CLUSTER;JUN28=SERIES_FORWARD_CLUSTER;MAR28=SERIES_FORWARD_CLUSTER,AUG26=1.1558;DEC26=1.1599;NOV26=1.15995;JAN27=1.16445;OCT26=1.15995;SEP26=1.15585;FEB27=1.1641;MAR27=1.1641;APR27=1.16815;JUN27=1.16795;MAY27=1.1681;JUL27=1.17195;SEP27=1.0637;DEC27=1.1295;JUN28=1.1122;MAR28=1.2003,NONE,WEIGHTED_ATM,2026-08-21,8,36,0.0,NONE,1921,958,6,0,70,6H;CFW,MEM;SEC;TEC;WEC,OK,NONE,NONE,2026-08-10
EUR,1.23,561097.9110057387,41587889.25460434,0.0,0.0,0.0,0.0,0.0,0.0,1.159065846962074,1.1525341530379263,1.162331693924148,1.1492683060758524,SEP26,AUG26,2026-08-11,2026-09-04,1.1558000000000002,1.1536542737353404,FOUND,WARN,UNKNOWN_SERIES;ESTIMATED_EXPIRY_ALIAS,2026-08-02.2,PUT_CALL_PARITY,AUG26,AUG26=PUT_CALL_PARITY;DEC26=PUT_CALL_PARITY;NOV26=PUT_CALL_PARITY;JAN27=PUT_CALL_PARITY;OCT26=PUT_CALL_PARITY;SEP26=PUT_CALL_PARITY;FEB27=PUT_CALL_PARITY;MAR27=PUT_CALL_PARITY;APR27=PUT_CALL_PARITY;JUN27=PUT_CALL_PARITY;MAY27=PUT_CALL_PARITY;JUL27=PUT_CALL_PARITY;SEP27=SERIES_FORWARD_CLUSTER;DEC27=SERIES_FORWARD_CLUSTER;JUN28=SERIES_FORWARD_CLUSTER;MAR28=SERIES_FORWARD_CLUSTER,AUG26=1.1558;DEC26=1.1599;NOV26=1.15995;JAN27=1.16445;OCT26=1.15995;SEP26=1.15585;FEB27=1.1641;MAR27=1.1641;APR27=1.16815;JUN27=1.16795;MAY27=1.1681;JUL27=1.17195;SEP27=1.0637;DEC27=1.1295;JUN28=1.1122;MAR28=1.2003,NONE,WEIGHTED_ATM,2026-08-21,8,36,0.0,NONE,1921,958,6,0,70,6H;CFW,MEM;SEC;TEC;WEC,OK,NONE,NONE,2026-08-10
EUR,1.235,16108660.582658108,1187809172.812529,0.0,0.0,0.0,0.0,0.0,0.0,1.159065846962074,1.1525341530379263,1.162331693924148,1.1492683060758524,SEP26,AUG26,2026-08-11,2026-09-04,1.1558000000000002,1.1536542737353404,FOUND,WARN,UNKNOWN_SERIES;ESTIMATED_EXPIRY_ALIAS,2026-08-02.2,PUT_CALL_PARITY,AUG26,AUG26=PUT_CALL_PARITY;DEC26=PUT_CALL_PARITY;NOV26=PUT_CALL_PARITY;JAN27=PUT_CALL_PARITY;OCT26=PUT_CALL_PARITY;SEP26=PUT_CALL_PARITY;FEB27=PUT_CALL_PARITY;MAR27=PUT_CALL_PARITY;APR27=PUT_CALL_PARITY;JUN27=PUT_CALL_PARITY;MAY27=PUT_CALL_PARITY;JUL27=PUT_CALL_PARITY;SEP27=SERIES_FORWARD_CLUSTER;DEC27=SERIES_FORWARD_CLUSTER;JUN28=SERIES_FORWARD_CLUSTER;MAR28=SERIES_FORWARD_CLUSTER,AUG26=1.1558;DEC26=1.1599;NOV26=1.15995;JAN27=1.16445;OCT26=1.15995;SEP26=1.15585;FEB27=1.1641;MAR27=1.1641;APR27=1.16815;JUN27=1.16795;MAY27=1.1681;JUL27=1.17195;SEP27=1.0637;DEC27=1.1295;JUN28=1.1122;MAR28=1.2003,NONE,WEIGHTED_ATM,2026-08-21,8,36,0.0,NONE,1921,958,6,0,70,6H;CFW,MEM;SEC;TEC;WEC,OK,NONE,NONE,2026-08-10
EUR,1.24,2743642.6861183234,203639676.19031912,0.0,0.0,0.0,0.0,0.0,0.0,1.159065846962074,1.1525341530379263,1.162331693924148,1.1492683060758524,SEP26,AUG26,2026-08-11,2026-09-04,1.1558000000000002,1.1536542737353404,FOUND,WARN,UNKNOWN_SERIES;ESTIMATED_EXPIRY_ALIAS,2026-08-02.2,PUT_CALL_PARITY,AUG26,AUG26=PUT_CALL_PARITY;DEC26=PUT_CALL_PARITY;NOV26=PUT_CALL_PARITY;JAN27=PUT_CALL_PARITY;OCT26=PUT_CALL_PARITY;SEP26=PUT_CALL_PARITY;FEB27=PUT_CALL_PARITY;MAR27=PUT_CALL_PARITY;APR27=PUT_CALL_PARITY;JUN27=PUT_CALL_PARITY;MAY27=PUT_CALL_PARITY;JUL27=PUT_CALL_PARITY;SEP27=SERIES_FORWARD_CLUSTER;DEC27=SERIES_FORWARD_CLUSTER;JUN28=SERIES_FORWARD_CLUSTER;MAR28=SERIES_FORWARD_CLUSTER,AUG26=1.1558;DEC26=1.1599;NOV26=1.15995;JAN27=1.16445;OCT26=1.15995;SEP26=1.15585;FEB27=1.1641;MAR27=1.1641;APR27=1.16815;JUN27=1.16795;MAY27=1.1681;JUL27=1.17195;SEP27=1.0637;DEC27=1.1295;JUN28=1.1122;MAR28=1.2003,NONE,WEIGHTED_ATM,2026-08-21,8,36,0.0,NONE,1921,958,6,0,70,6H;CFW,MEM;SEC;TEC;WEC,OK,NONE,NONE,2026-08-10
EUR,1.245,2969047.9551745616,220260269.25220126,0.0,0.0,0.0,0.0,0.0,0.0,1.159065846962074,1.1525341530379263,1.162331693924148,1.1492683060758524,SEP26,AUG26,2026-08-11,2026-09-04,1.1558000000000002,1.1536542737353404,FOUND,WARN,UNKNOWN_SERIES;ESTIMATED_EXPIRY_ALIAS,2026-08-02.2,PUT_CALL_PARITY,AUG26,AUG26=PUT_CALL_PARITY;DEC26=PUT_CALL_PARITY;NOV26=PUT_CALL_PARITY;JAN27=PUT_CALL_PARITY;OCT26=PUT_CALL_PARITY;SEP26=PUT_CALL_PARITY;FEB27=PUT_CALL_PARITY;MAR27=PUT_CALL_PARITY;APR27=PUT_CALL_PARITY;JUN27=PUT_CALL_PARITY;MAY27=PUT_CALL_PARITY;JUL27=PUT_CALL_PARITY;SEP27=SERIES_FORWARD_CLUSTER;DEC27=SERIES_FORWARD_CLUSTER;JUN28=SERIES_FORWARD_CLUSTER;MAR28=SERIES_FORWARD_CLUSTER,AUG26=1.1558;DEC26=1.1599;NOV26=1.15995;JAN27=1.16445;OCT26=1.15995;SEP26=1.15585;FEB27=1.1641;MAR27=1.1641;APR27=1.16815;JUN27=1.16795;MAY27=1.1681;JUL27=1.17195;SEP27=1.0637;DEC27=1.1295;JUN28=1.1122;MAR28=1.2003,NONE,WEIGHTED_ATM,2026-08-21,8,36,0.0,NONE,1921,958,6,0,70,6H;CFW,MEM;SEC;TEC;WEC,OK,NONE,NONE,2026-08-10
EUR,1.25,10769076.495287994,793560326.8167638,0.0,0.0,0.0,0.0,0.0,0.0,1.159065846962074,1.1525341530379263,1.162331693924148,1.1492683060758524,SEP26,AUG26,2026-08-11,2026-09-04,1.1558000000000002,1.1536542737353404,FOUND,WARN,UNKNOWN_SERIES;ESTIMATED_EXPIRY_ALIAS,2026-08-02.2,PUT_CALL_PARITY,AUG26,AUG26=PUT_CALL_PARITY;DEC26=PUT_CALL_PARITY;NOV26=PUT_CALL_PARITY;JAN27=PUT_CALL_PARITY;OCT26=PUT_CALL_PARITY;SEP26=PUT_CALL_PARITY;FEB27=PUT_CALL_PARITY;MAR27=PUT_CALL_PARITY;APR27=PUT_CALL_PARITY;JUN27=PUT_CALL_PARITY;MAY27=PUT_CALL_PARITY;JUL27=PUT_CALL_PARITY;SEP27=SERIES_FORWARD_CLUSTER;DEC27=SERIES_FORWARD_CLUSTER;JUN28=SERIES_FORWARD_CLUSTER;MAR28=SERIES_FORWARD_CLUSTER,AUG26=1.1558;DEC26=1.1599;NOV26=1.15995;JAN27=1.16445;OCT26=1.15995;SEP26=1.15585;FEB27=1.1641;MAR27=1.1641;APR27=1.16815;JUN27=1.16795;MAY27=1.1681;JUL27=1.17195;SEP27=1.0637;DEC27=1.1295;JUN28=1.1122;MAR28=1.2003,NONE,WEIGHTED_ATM,2026-08-21,8,36,0.0,NONE,1921,958,6,0,70,6H;CFW,MEM;SEC;TEC;WEC,OK,NONE,NONE,2026-08-10
EUR,1.255,1636746.717560195,120732174.3229644,0.0,0.0,0.0,0.0,0.0,0.0,1.159065846962074,1.1525341530379263,1.162331693924148,1.1492683060758524,SEP26,AUG26,2026-08-11,2026-09-04,1.1558000000000002,1.1536542737353404,FOUND,WARN,UNKNOWN_SERIES;ESTIMATED_EXPIRY_ALIAS,2026-08-02.2,PUT_CALL_PARITY,AUG26,AUG26=PUT_CALL_PARITY;DEC26=PUT_CALL_PARITY;NOV26=PUT_CALL_PARITY;JAN27=PUT_CALL_PARITY;OCT26=PUT_CALL_PARITY;SEP26=PUT_CALL_PARITY;FEB27=PUT_CALL_PARITY;MAR27=PUT_CALL_PARITY;APR27=PUT_CALL_PARITY;JUN27=PUT_CALL_PARITY;MAY27=PUT_CALL_PARITY;JUL27=PUT_CALL_PARITY;SEP27=SERIES_FORWARD_CLUSTER;DEC27=SERIES_FORWARD_CLUSTER;JUN28=SERIES_FORWARD_CLUSTER;MAR28=SERIES_FORWARD_CLUSTER,AUG26=1.1558;DEC26=1.1599;NOV26=1.15995;JAN27=1.16445;OCT26=1.15995;SEP26=1.15585;FEB27=1.1641;MAR27=1.1641;APR27=1.16815;JUN27=1.16795;MAY27=1.1681;JUL27=1.17195;SEP27=1.0637;DEC27=1.1295;JUN28=1.1122;MAR28=1.2003,NONE,WEIGHTED_ATM,2026-08-21,8,36,0.0,NONE,1921,958,6,0,70,6H;CFW,MEM;SEC;TEC;WEC,OK,NONE,NONE,2026-08-10
EUR,1.26,454928.44746820827,33800301.18549939,0.0,0.0,0.0,0.0,0.0,0.0,1.159065846962074,1.1525341530379263,1.162331693924148,1.1492683060758524,SEP26,AUG26,2026-08-11,2026-09-04,1.1558000000000002,1.1536542737353404,FOUND,WARN,UNKNOWN_SERIES;ESTIMATED_EXPIRY_ALIAS,2026-08-02.2,PUT_CALL_PARITY,AUG26,AUG26=PUT_CALL_PARITY;DEC26=PUT_CALL_PARITY;NOV26=PUT_CALL_PARITY;JAN27=PUT_CALL_PARITY;OCT26=PUT_CALL_PARITY;SEP26=PUT_CALL_PARITY;FEB27=PUT_CALL_PARITY;MAR27=PUT_CALL_PARITY;APR27=PUT_CALL_PARITY;JUN27=PUT_CALL_PARITY;MAY27=PUT_CALL_PARITY;JUL27=PUT_CALL_PARITY;SEP27=SERIES_FORWARD_CLUSTER;DEC27=SERIES_FORWARD_CLUSTER;JUN28=SERIES_FORWARD_CLUSTER;MAR28=SERIES_FORWARD_CLUSTER,AUG26=1.1558;DEC26=1.1599;NOV26=1.15995;JAN27=1.16445;OCT26=1.15995;SEP26=1.15585;FEB27=1.1641;MAR27=1.1641;APR27=1.16815;JUN27=1.16795;MAY27=1.1681;JUL27=1.17195;SEP27=1.0637;DEC27=1.1295;JUN28=1.1122;MAR28=1.2003,NONE,WEIGHTED_ATM,2026-08-21,8,36,0.0,NONE,1921,958,6,0,70,6H;CFW,MEM;SEC;TEC;WEC,OK,NONE,NONE,2026-08-10
EUR,1.265,373808.2780674069,27781738.085830472,0.0,0.0,0.0,0.0,0.0,0.0,1.159065846962074,1.1525341530379263,1.162331693924148,1.1492683060758524,SEP26,AUG26,2026-08-11,2026-09-04,1.1558000000000002,1.1536542737353404,FOUND,WARN,UNKNOWN_SERIES;ESTIMATED_EXPIRY_ALIAS,2026-08-02.2,PUT_CALL_PARITY,AUG26,AUG26=PUT_CALL_PARITY;DEC26=PUT_CALL_PARITY;NOV26=PUT_CALL_PARITY;JAN27=PUT_CALL_PARITY;OCT26=PUT_CALL_PARITY;SEP26=PUT_CALL_PARITY;FEB27=PUT_CALL_PARITY;MAR27=PUT_CALL_PARITY;APR27=PUT_CALL_PARITY;JUN27=PUT_CALL_PARITY;MAY27=PUT_CALL_PARITY;JUL27=PUT_CALL_PARITY;SEP27=SERIES_FORWARD_CLUSTER;DEC27=SERIES_FORWARD_CLUSTER;JUN28=SERIES_FORWARD_CLUSTER;MAR28=SERIES_FORWARD_CLUSTER,AUG26=1.1558;DEC26=1.1599;NOV26=1.15995;JAN27=1.16445;OCT26=1.15995;SEP26=1.15585;FEB27=1.1641;MAR27=1.1641;APR27=1.16815;JUN27=1.16795;MAY27=1.1681;JUL27=1.17195;SEP27=1.0637;DEC27=1.1295;JUN28=1.1122;MAR28=1.2003,NONE,WEIGHTED_ATM,2026-08-21,8,36,0.0,NONE,1921,958,6,0,70,6H;CFW,MEM;SEC;TEC;WEC,OK,NONE,NONE,2026-08-10
EUR,1.27,203981.00670048897,15009331.3313997,0.0,0.0,0.0,0.0,0.0,0.0,1.159065846962074,1.1525341530379263,1.162331693924148,1.1492683060758524,SEP26,AUG26,2026-08-11,2026-09-04,1.1558000000000002,1.1536542737353404,FOUND,WARN,UNKNOWN_SERIES;ESTIMATED_EXPIRY_ALIAS,2026-08-02.2,PUT_CALL_PARITY,AUG26,AUG26=PUT_CALL_PARITY;DEC26=PUT_CALL_PARITY;NOV26=PUT_CALL_PARITY;JAN27=PUT_CALL_PARITY;OCT26=PUT_CALL_PARITY;SEP26=PUT_CALL_PARITY;FEB27=PUT_CALL_PARITY;MAR27=PUT_CALL_PARITY;APR27=PUT_CALL_PARITY;JUN27=PUT_CALL_PARITY;MAY27=PUT_CALL_PARITY;JUL27=PUT_CALL_PARITY;SEP27=SERIES_FORWARD_CLUSTER;DEC27=SERIES_FORWARD_CLUSTER;JUN28=SERIES_FORWARD_CLUSTER;MAR28=SERIES_FORWARD_CLUSTER,AUG26=1.1558;DEC26=1.1599;NOV26=1.15995;JAN27=1.16445;OCT26=1.15995;SEP26=1.15585;FEB27=1.1641;MAR27=1.1641;APR27=1.16815;JUN27=1.16795;MAY27=1.1681;JUL27=1.17195;SEP27=1.0637;DEC27=1.1295;JUN28=1.1122;MAR28=1.2003,NONE,WEIGHTED_ATM,2026-08-21,8,36,0.0,NONE,1921,958,6,0,70,6H;CFW,MEM;SEC;TEC;WEC,OK,NONE,NONE,2026-08-10
EUR,1.28,309579.99620954145,22847506.556731284,0.0,0.0,0.0,0.0,0.0,0.0,1.159065846962074,1.1525341530379263,1.162331693924148,1.1492683060758524,SEP26,AUG26,2026-08-11,2026-09-04,1.1558000000000002,1.1536542737353404,FOUND,WARN,UNKNOWN_SERIES;ESTIMATED_EXPIRY_ALIAS,2026-08-02.2,PUT_CALL_PARITY,AUG26,AUG26=PUT_CALL_PARITY;DEC26=PUT_CALL_PARITY;NOV26=PUT_CALL_PARITY;JAN27=PUT_CALL_PARITY;OCT26=PUT_CALL_PARITY;SEP26=PUT_CALL_PARITY;FEB27=PUT_CALL_PARITY;MAR27=PUT_CALL_PARITY;APR27=PUT_CALL_PARITY;JUN27=PUT_CALL_PARITY;MAY27=PUT_CALL_PARITY;JUL27=PUT_CALL_PARITY;SEP27=SERIES_FORWARD_CLUSTER;DEC27=SERIES_FORWARD_CLUSTER;JUN28=SERIES_FORWARD_CLUSTER;MAR28=SERIES_FORWARD_CLUSTER,AUG26=1.1558;DEC26=1.1599;NOV26=1.15995;JAN27=1.16445;OCT26=1.15995;SEP26=1.15585;FEB27=1.1641;MAR27=1.1641;APR27=1.16815;JUN27=1.16795;MAY27=1.1681;JUL27=1.17195;SEP27=1.0637;DEC27=1.1295;JUN28=1.1122;MAR28=1.2003,NONE,WEIGHTED_ATM,2026-08-21,8,36,0.0,NONE,1921,958,6,0,70,6H;CFW,MEM;SEC;TEC;WEC,OK,NONE,NONE,2026-08-10
EUR,1.29,43706.8298260857,3235785.4715391197,0.0,0.0,0.0,0.0,0.0,0.0,1.159065846962074,1.1525341530379263,1.162331693924148,1.1492683060758524,SEP26,AUG26,2026-08-11,2026-09-04,1.1558000000000002,1.1536542737353404,FOUND,WARN,UNKNOWN_SERIES;ESTIMATED_EXPIRY_ALIAS,2026-08-02.2,PUT_CALL_PARITY,AUG26,AUG26=PUT_CALL_PARITY;DEC26=PUT_CALL_PARITY;NOV26=PUT_CALL_PARITY;JAN27=PUT_CALL_PARITY;OCT26=PUT_CALL_PARITY;SEP26=PUT_CALL_PARITY;FEB27=PUT_CALL_PARITY;MAR27=PUT_CALL_PARITY;APR27=PUT_CALL_PARITY;JUN27=PUT_CALL_PARITY;MAY27=PUT_CALL_PARITY;JUL27=PUT_CALL_PARITY;SEP27=SERIES_FORWARD_CLUSTER;DEC27=SERIES_FORWARD_CLUSTER;JUN28=SERIES_FORWARD_CLUSTER;MAR28=SERIES_FORWARD_CLUSTER,AUG26=1.1558;DEC26=1.1599;NOV26=1.15995;JAN27=1.16445;OCT26=1.15995;SEP26=1.15585;FEB27=1.1641;MAR27=1.1641;APR27=1.16815;JUN27=1.16795;MAY27=1.1681;JUL27=1.17195;SEP27=1.0637;DEC27=1.1295;JUN28=1.1122;MAR28=1.2003,NONE,WEIGHTED_ATM,2026-08-21,8,36,0.0,NONE,1921,958,6,0,70,6H;CFW,MEM;SEC;TEC;WEC,OK,NONE,NONE,2026-08-10
EUR,1.3,912245.756363508,67770172.8443363,0.0,0.0,0.0,0.0,0.0,0.0,1.159065846962074,1.1525341530379263,1.162331693924148,1.1492683060758524,SEP26,AUG26,2026-08-11,2026-09-04,1.1558000000000002,1.1536542737353404,FOUND,WARN,UNKNOWN_SERIES;ESTIMATED_EXPIRY_ALIAS,2026-08-02.2,PUT_CALL_PARITY,AUG26,AUG26=PUT_CALL_PARITY;DEC26=PUT_CALL_PARITY;NOV26=PUT_CALL_PARITY;JAN27=PUT_CALL_PARITY;OCT26=PUT_CALL_PARITY;SEP26=PUT_CALL_PARITY;FEB27=PUT_CALL_PARITY;MAR27=PUT_CALL_PARITY;APR27=PUT_CALL_PARITY;JUN27=PUT_CALL_PARITY;MAY27=PUT_CALL_PARITY;JUL27=PUT_CALL_PARITY;SEP27=SERIES_FORWARD_CLUSTER;DEC27=SERIES_FORWARD_CLUSTER;JUN28=SERIES_FORWARD_CLUSTER;MAR28=SERIES_FORWARD_CLUSTER,AUG26=1.1558;DEC26=1.1599;NOV26=1.15995;JAN27=1.16445;OCT26=1.15995;SEP26=1.15585;FEB27=1.1641;MAR27=1.1641;APR27=1.16815;JUN27=1.16795;MAY27=1.1681;JUL27=1.17195;SEP27=1.0637;DEC27=1.1295;JUN28=1.1122;MAR28=1.2003,NONE,WEIGHTED_ATM,2026-08-21,8,36,0.0,NONE,1921,958,6,0,70,6H;CFW,MEM;SEC;TEC;WEC,OK,NONE,NONE,2026-08-10
EUR,1.31,319141.65888633527,23670112.843180597,0.0,0.0,0.0,0.0,0.0,0.0,1.159065846962074,1.1525341530379263,1.162331693924148,1.1492683060758524,SEP26,AUG26,2026-08-11,2026-09-04,1.1558000000000002,1.1536542737353404,FOUND,WARN,UNKNOWN_SERIES;ESTIMATED_EXPIRY_ALIAS,2026-08-02.2,PUT_CALL_PARITY,AUG26,AUG26=PUT_CALL_PARITY;DEC26=PUT_CALL_PARITY;NOV26=PUT_CALL_PARITY;JAN27=PUT_CALL_PARITY;OCT26=PUT_CALL_PARITY;SEP26=PUT_CALL_PARITY;FEB27=PUT_CALL_PARITY;MAR27=PUT_CALL_PARITY;APR27=PUT_CALL_PARITY;JUN27=PUT_CALL_PARITY;MAY27=PUT_CALL_PARITY;JUL27=PUT_CALL_PARITY;SEP27=SERIES_FORWARD_CLUSTER;DEC27=SERIES_FORWARD_CLUSTER;JUN28=SERIES_FORWARD_CLUSTER;MAR28=SERIES_FORWARD_CLUSTER,AUG26=1.1558;DEC26=1.1599;NOV26=1.15995;JAN27=1.16445;OCT26=1.15995;SEP26=1.15585;FEB27=1.1641;MAR27=1.1641;APR27=1.16815;JUN27=1.16795;MAY27=1.1681;JUL27=1.17195;SEP27=1.0637;DEC27=1.1295;JUN28=1.1122;MAR28=1.2003,NONE,WEIGHTED_ATM,2026-08-21,8,36,0.0,NONE,1921,958,6,0,70,6H;CFW,MEM;SEC;TEC;WEC,OK,NONE,NONE,2026-08-10
EUR,1.32,1767664.9303770105,129590042.63985294,0.0,0.0,0.0,0.0,0.0,0.0,1.159065846962074,1.1525341530379263,1.162331693924148,1.1492683060758524,SEP26,AUG26,2026-08-11,2026-09-04,1.1558000000000002,1.1536542737353404,FOUND,WARN,UNKNOWN_SERIES;ESTIMATED_EXPIRY_ALIAS,2026-08-02.2,PUT_CALL_PARITY,AUG26,AUG26=PUT_CALL_PARITY;DEC26=PUT_CALL_PARITY;NOV26=PUT_CALL_PARITY;JAN27=PUT_CALL_PARITY;OCT26=PUT_CALL_PARITY;SEP26=PUT_CALL_PARITY;FEB27=PUT_CALL_PARITY;MAR27=PUT_CALL_PARITY;APR27=PUT_CALL_PARITY;JUN27=PUT_CALL_PARITY;MAY27=PUT_CALL_PARITY;JUL27=PUT_CALL_PARITY;SEP27=SERIES_FORWARD_CLUSTER;DEC27=SERIES_FORWARD_CLUSTER;JUN28=SERIES_FORWARD_CLUSTER;MAR28=SERIES_FORWARD_CLUSTER,AUG26=1.1558;DEC26=1.1599;NOV26=1.15995;JAN27=1.16445;OCT26=1.15995;SEP26=1.15585;FEB27=1.1641;MAR27=1.1641;APR27=1.16815;JUN27=1.16795;MAY27=1.1681;JUL27=1.17195;SEP27=1.0637;DEC27=1.1295;JUN28=1.1122;MAR28=1.2003,NONE,WEIGHTED_ATM,2026-08-21,8,36,0.0,NONE,1921,958,6,0,70,6H;CFW,MEM;SEC;TEC;WEC,OK,NONE,NONE,2026-08-10
EUR,1.33,31788.68137550308,2351050.461082316,0.0,0.0,0.0,0.0,0.0,0.0,1.159065846962074,1.1525341530379263,1.162331693924148,1.1492683060758524,SEP26,AUG26,2026-08-11,2026-09-04,1.1558000000000002,1.1536542737353404,FOUND,WARN,UNKNOWN_SERIES;ESTIMATED_EXPIRY_ALIAS,2026-08-02.2,PUT_CALL_PARITY,AUG26,AUG26=PUT_CALL_PARITY;DEC26=PUT_CALL_PARITY;NOV26=PUT_CALL_PARITY;JAN27=PUT_CALL_PARITY;OCT26=PUT_CALL_PARITY;SEP26=PUT_CALL_PARITY;FEB27=PUT_CALL_PARITY;MAR27=PUT_CALL_PARITY;APR27=PUT_CALL_PARITY;JUN27=PUT_CALL_PARITY;MAY27=PUT_CALL_PARITY;JUL27=PUT_CALL_PARITY;SEP27=SERIES_FORWARD_CLUSTER;DEC27=SERIES_FORWARD_CLUSTER;JUN28=SERIES_FORWARD_CLUSTER;MAR28=SERIES_FORWARD_CLUSTER,AUG26=1.1558;DEC26=1.1599;NOV26=1.15995;JAN27=1.16445;OCT26=1.15995;SEP26=1.15585;FEB27=1.1641;MAR27=1.1641;APR27=1.16815;JUN27=1.16795;MAY27=1.1681;JUL27=1.17195;SEP27=1.0637;DEC27=1.1295;JUN28=1.1122;MAR28=1.2003,NONE,WEIGHTED_ATM,2026-08-21,8,36,0.0,NONE,1921,958,6,0,70,6H;CFW,MEM;SEC;TEC;WEC,OK,NONE,NONE,2026-08-10
EUR,1.34,382558.963325166,28224269.213498887,0.0,0.0,0.0,0.0,0.0,0.0,1.159065846962074,1.1525341530379263,1.162331693924148,1.1492683060758524,SEP26,AUG26,2026-08-11,2026-09-04,1.1558000000000002,1.1536542737353404,FOUND,WARN,UNKNOWN_SERIES;ESTIMATED_EXPIRY_ALIAS,2026-08-02.2,PUT_CALL_PARITY,AUG26,AUG26=PUT_CALL_PARITY;DEC26=PUT_CALL_PARITY;NOV26=PUT_CALL_PARITY;JAN27=PUT_CALL_PARITY;OCT26=PUT_CALL_PARITY;SEP26=PUT_CALL_PARITY;FEB27=PUT_CALL_PARITY;MAR27=PUT_CALL_PARITY;APR27=PUT_CALL_PARITY;JUN27=PUT_CALL_PARITY;MAY27=PUT_CALL_PARITY;JUL27=PUT_CALL_PARITY;SEP27=SERIES_FORWARD_CLUSTER;DEC27=SERIES_FORWARD_CLUSTER;JUN28=SERIES_FORWARD_CLUSTER;MAR28=SERIES_FORWARD_CLUSTER,AUG26=1.1558;DEC26=1.1599;NOV26=1.15995;JAN27=1.16445;OCT26=1.15995;SEP26=1.15585;FEB27=1.1641;MAR27=1.1641;APR27=1.16815;JUN27=1.16795;MAY27=1.1681;JUL27=1.17195;SEP27=1.0637;DEC27=1.1295;JUN28=1.1122;MAR28=1.2003,NONE,WEIGHTED_ATM,2026-08-21,8,36,0.0,NONE,1921,958,6,0,70,6H;CFW,MEM;SEC;TEC;WEC,OK,NONE,NONE,2026-08-10
EUR,1.35,34379.61812407089,2536585.405590437,0.0,0.0,0.0,0.0,0.0,0.0,1.159065846962074,1.1525341530379263,1.162331693924148,1.1492683060758524,SEP26,AUG26,2026-08-11,2026-09-04,1.1558000000000002,1.1536542737353404,FOUND,WARN,UNKNOWN_SERIES;ESTIMATED_EXPIRY_ALIAS,2026-08-02.2,PUT_CALL_PARITY,AUG26,AUG26=PUT_CALL_PARITY;DEC26=PUT_CALL_PARITY;NOV26=PUT_CALL_PARITY;JAN27=PUT_CALL_PARITY;OCT26=PUT_CALL_PARITY;SEP26=PUT_CALL_PARITY;FEB27=PUT_CALL_PARITY;MAR27=PUT_CALL_PARITY;APR27=PUT_CALL_PARITY;JUN27=PUT_CALL_PARITY;MAY27=PUT_CALL_PARITY;JUL27=PUT_CALL_PARITY;SEP27=SERIES_FORWARD_CLUSTER;DEC27=SERIES_FORWARD_CLUSTER;JUN28=SERIES_FORWARD_CLUSTER;MAR28=SERIES_FORWARD_CLUSTER,AUG26=1.1558;DEC26=1.1599;NOV26=1.15995;JAN27=1.16445;OCT26=1.15995;SEP26=1.15585;FEB27=1.1641;MAR27=1.1641;APR27=1.16815;JUN27=1.16795;MAY27=1.1681;JUL27=1.17195;SEP27=1.0637;DEC27=1.1295;JUN28=1.1122;MAR28=1.2003,NONE,WEIGHTED_ATM,2026-08-21,8,36,0.0,NONE,1921,958,6,0,70,6H;CFW,MEM;SEC;TEC;WEC,OK,NONE,NONE,2026-08-10
EUR,1.36,7583.177536399636,584397.4770304646,0.0,0.0,0.0,0.0,0.0,0.0,1.159065846962074,1.1525341530379263,1.162331693924148,1.1492683060758524,SEP26,AUG26,2026-08-11,2026-09-04,1.1558000000000002,1.1536542737353404,FOUND,WARN,UNKNOWN_SERIES;ESTIMATED_EXPIRY_ALIAS,2026-08-02.2,PUT_CALL_PARITY,AUG26,AUG26=PUT_CALL_PARITY;DEC26=PUT_CALL_PARITY;NOV26=PUT_CALL_PARITY;JAN27=PUT_CALL_PARITY;OCT26=PUT_CALL_PARITY;SEP26=PUT_CALL_PARITY;FEB27=PUT_CALL_PARITY;MAR27=PUT_CALL_PARITY;APR27=PUT_CALL_PARITY;JUN27=PUT_CALL_PARITY;MAY27=PUT_CALL_PARITY;JUL27=PUT_CALL_PARITY;SEP27=SERIES_FORWARD_CLUSTER;DEC27=SERIES_FORWARD_CLUSTER;JUN28=SERIES_FORWARD_CLUSTER;MAR28=SERIES_FORWARD_CLUSTER,AUG26=1.1558;DEC26=1.1599;NOV26=1.15995;JAN27=1.16445;OCT26=1.15995;SEP26=1.15585;FEB27=1.1641;MAR27=1.1641;APR27=1.16815;JUN27=1.16795;MAY27=1.1681;JUL27=1.17195;SEP27=1.0637;DEC27=1.1295;JUN28=1.1122;MAR28=1.2003,NONE,WEIGHTED_ATM,2026-08-21,8,36,0.0,NONE,1921,958,6,0,70,6H;CFW,MEM;SEC;TEC;WEC,OK,NONE,NONE,2026-08-10
EUR,1.37,10523.579168148224,774117.534581716,0.0,0.0,0.0,0.0,0.0,0.0,1.159065846962074,1.1525341530379263,1.162331693924148,1.1492683060758524,SEP26,AUG26,2026-08-11,2026-09-04,1.1558000000000002,1.1536542737353404,FOUND,WARN,UNKNOWN_SERIES;ESTIMATED_EXPIRY_ALIAS,2026-08-02.2,PUT_CALL_PARITY,AUG26,AUG26=PUT_CALL_PARITY;DEC26=PUT_CALL_PARITY;NOV26=PUT_CALL_PARITY;JAN27=PUT_CALL_PARITY;OCT26=PUT_CALL_PARITY;SEP26=PUT_CALL_PARITY;FEB27=PUT_CALL_PARITY;MAR27=PUT_CALL_PARITY;APR27=PUT_CALL_PARITY;JUN27=PUT_CALL_PARITY;MAY27=PUT_CALL_PARITY;JUL27=PUT_CALL_PARITY;SEP27=SERIES_FORWARD_CLUSTER;DEC27=SERIES_FORWARD_CLUSTER;JUN28=SERIES_FORWARD_CLUSTER;MAR28=SERIES_FORWARD_CLUSTER,AUG26=1.1558;DEC26=1.1599;NOV26=1.15995;JAN27=1.16445;OCT26=1.15995;SEP26=1.15585;FEB27=1.1641;MAR27=1.1641;APR27=1.16815;JUN27=1.16795;MAY27=1.1681;JUL27=1.17195;SEP27=1.0637;DEC27=1.1295;JUN28=1.1122;MAR28=1.2003,NONE,WEIGHTED_ATM,2026-08-21,8,36,0.0,NONE,1921,958,6,0,70,6H;CFW,MEM;SEC;TEC;WEC,OK,NONE,NONE,2026-08-10
