Currency,Strike,Total_GEX,Total_Abs_Gamma,Daily_Call_Settle,Daily_Call_OI,Daily_Put_Settle,Daily_Put_OI,Global_Call_OI,Global_Put_OI,R68_High,R68_Low,R95_High,R95_Low,Global_Month,Daily_Month,Futures_Spot,Gamma_Flip
NAS,10000.0,-0.0004984014778729786,2.492007389364893e-05,0.0,0.0,0.0,0.0,0.0,0.0,30825.59624882883,30615.40375117117,30930.692497657663,30510.307502342337,JUN26,JUN26,30720.5,30490.04144763997
NAS,10500.0,-0.0005530846584479155,2.7654232922395774e-05,0.0,0.0,0.0,0.0,0.0,0.0,30825.59624882883,30615.40375117117,30930.692497657663,30510.307502342337,JUN26,JUN26,30720.5,30490.04144763997
NAS,11000.0,-0.0007238023843495387,3.619011921747693e-05,0.0,0.0,0.0,0.0,0.0,0.0,30825.59624882883,30615.40375117117,30930.692497657663,30510.307502342337,JUN26,JUN26,30720.5,30490.04144763997
NAS,11500.0,-0.003143586051737832,0.0001571793025868916,0.0,0.0,0.0,0.0,0.0,0.0,30825.59624882883,30615.40375117117,30930.692497657663,30510.307502342337,JUN26,JUN26,30720.5,30490.04144763997
NAS,12000.0,-0.0014983980914396564,7.491990457198282e-05,0.0,0.0,0.0,0.0,0.0,0.0,30825.59624882883,30615.40375117117,30930.692497657663,30510.307502342337,JUN26,JUN26,30720.5,30490.04144763997
NAS,12500.0,-0.0013594070958839874,6.797035479419937e-05,0.0,0.0,0.0,0.0,0.0,0.0,30825.59624882883,30615.40375117117,30930.692497657663,30510.307502342337,JUN26,JUN26,30720.5,30490.04144763997
NAS,13000.0,-0.004167209822503613,0.00020836049112518063,0.0,0.0,0.0,0.0,0.0,0.0,30825.59624882883,30615.40375117117,30930.692497657663,30510.307502342337,JUN26,JUN26,30720.5,30490.04144763997
NAS,13500.0,-0.007870553152764255,0.0003935276576382128,0.0,0.0,0.0,0.0,0.0,0.0,30825.59624882883,30615.40375117117,30930.692497657663,30510.307502342337,JUN26,JUN26,30720.5,30490.04144763997
NAS,14000.0,-0.0036452630390138106,0.00018226315195069053,0.0,0.0,0.0,0.0,0.0,0.0,30825.59624882883,30615.40375117117,30930.692497657663,30510.307502342337,JUN26,JUN26,30720.5,30490.04144763997
NAS,14250.0,-2.495241819341995e-05,1.2476209096709975e-06,0.0,0.0,0.0,0.0,0.0,0.0,30825.59624882883,30615.40375117117,30930.692497657663,30510.307502342337,JUN26,JUN26,30720.5,30490.04144763997
NAS,14500.0,-0.002846574955308961,0.00014232874776544803,0.0,0.0,0.0,0.0,0.0,0.0,30825.59624882883,30615.40375117117,30930.692497657663,30510.307502342337,JUN26,JUN26,30720.5,30490.04144763997
NAS,14750.0,-1.0458668790858653e-06,5.229334395429326e-08,0.0,0.0,0.0,0.0,0.0,0.0,30825.59624882883,30615.40375117117,30930.692497657663,30510.307502342337,JUN26,JUN26,30720.5,30490.04144763997
NAS,15000.0,-0.01186184903499113,0.0005930924517495565,0.0,0.0,0.0,0.0,0.0,0.0,30825.59624882883,30615.40375117117,30930.692497657663,30510.307502342337,JUN26,JUN26,30720.5,30490.04144763997
NAS,15250.0,-3.041640305564275e-05,1.5208201527821375e-06,0.0,0.0,0.0,0.0,0.0,0.0,30825.59624882883,30615.40375117117,30930.692497657663,30510.307502342337,JUN26,JUN26,30720.5,30490.04144763997
NAS,15500.0,-0.004038936366080393,0.00020194681830401967,0.0,0.0,0.0,0.0,0.0,0.0,30825.59624882883,30615.40375117117,30930.692497657663,30510.307502342337,JUN26,JUN26,30720.5,30490.04144763997
NAS,15750.0,-0.00036683594407631645,1.8341797203815822e-05,0.0,0.0,0.0,0.0,0.0,0.0,30825.59624882883,30615.40375117117,30930.692497657663,30510.307502342337,JUN26,JUN26,30720.5,30490.04144763997
NAS,16000.0,-0.02255084299386481,0.0011275421496932405,0.0,0.0,0.0,0.0,0.0,0.0,30825.59624882883,30615.40375117117,30930.692497657663,30510.307502342337,JUN26,JUN26,30720.5,30490.04144763997
NAS,16250.0,-0.00013982110211384363,6.991055105692182e-06,0.0,0.0,0.0,0.0,0.0,0.0,30825.59624882883,30615.40375117117,30930.692497657663,30510.307502342337,JUN26,JUN26,30720.5,30490.04144763997
NAS,16500.0,-0.01855709583885822,0.0009278547919429112,0.0,0.0,0.0,0.0,0.0,0.0,30825.59624882883,30615.40375117117,30930.692497657663,30510.307502342337,JUN26,JUN26,30720.5,30490.04144763997
NAS,16750.0,-0.0011850513773090572,5.925256886545286e-05,0.0,0.0,0.0,0.0,0.0,0.0,30825.59624882883,30615.40375117117,30930.692497657663,30510.307502342337,JUN26,JUN26,30720.5,30490.04144763997
NAS,17000.0,-0.01571718162847713,0.0007858590814238565,0.0,0.0,0.0,0.0,0.0,0.0,30825.59624882883,30615.40375117117,30930.692497657663,30510.307502342337,JUN26,JUN26,30720.5,30490.04144763997
NAS,17250.0,-0.0005233491475895729,2.6167457379478647e-05,0.0,0.0,0.0,0.0,0.0,0.0,30825.59624882883,30615.40375117117,30930.692497657663,30510.307502342337,JUN26,JUN26,30720.5,30490.04144763997
NAS,17500.0,-0.025495209005446055,0.001274760450272303,0.0,0.0,0.0,0.0,0.0,0.0,30825.59624882883,30615.40375117117,30930.692497657663,30510.307502342337,JUN26,JUN26,30720.5,30490.04144763997
NAS,17750.0,-0.003708347675792798,0.00018541738378963988,0.0,0.0,0.0,0.0,0.0,0.0,30825.59624882883,30615.40375117117,30930.692497657663,30510.307502342337,JUN26,JUN26,30720.5,30490.04144763997
NAS,18000.0,-0.04178995946153195,0.0020894979730765977,0.0,0.0,0.0,0.0,0.0,0.0,30825.59624882883,30615.40375117117,30930.692497657663,30510.307502342337,JUN26,JUN26,30720.5,30490.04144763997
NAS,18250.0,-0.002159940976051633,0.00010799704880258166,0.0,0.0,0.0,0.0,0.0,0.0,30825.59624882883,30615.40375117117,30930.692497657663,30510.307502342337,JUN26,JUN26,30720.5,30490.04144763997
NAS,18500.0,-0.014278217542690992,0.0007139108771345496,0.0,0.0,0.0,0.0,0.0,0.0,30825.59624882883,30615.40375117117,30930.692497657663,30510.307502342337,JUN26,JUN26,30720.5,30490.04144763997
NAS,18750.0,-0.009337566257180624,0.0004668783128590312,0.0,0.0,0.0,0.0,0.0,0.0,30825.59624882883,30615.40375117117,30930.692497657663,30510.307502342337,JUN26,JUN26,30720.5,30490.04144763997
NAS,19000.0,-0.07996232484760918,0.003998116242380459,0.0,0.0,0.0,0.0,0.0,0.0,30825.59624882883,30615.40375117117,30930.692497657663,30510.307502342337,JUN26,JUN26,30720.5,30490.04144763997
NAS,19250.0,-0.0025070695926594886,0.00012535347963297443,0.0,0.0,0.0,0.0,0.0,0.0,30825.59624882883,30615.40375117117,30930.692497657663,30510.307502342337,JUN26,JUN26,30720.5,30490.04144763997
NAS,19500.0,-0.02024474375133173,0.0010122371875665864,0.0,0.0,0.0,0.0,0.0,0.0,30825.59624882883,30615.40375117117,30930.692497657663,30510.307502342337,JUN26,JUN26,30720.5,30490.04144763997
NAS,19750.0,-0.003764123388724363,0.00018820616943621816,0.0,0.0,0.0,0.0,0.0,0.0,30825.59624882883,30615.40375117117,30930.692497657663,30510.307502342337,JUN26,JUN26,30720.5,30490.04144763997
NAS,20000.0,-0.0912700972106577,0.004563504860532885,0.0,0.0,0.0,0.0,0.0,0.0,30825.59624882883,30615.40375117117,30930.692497657663,30510.307502342337,JUN26,JUN26,30720.5,30490.04144763997
NAS,20250.0,-0.005758687958122582,0.0002879343979061291,0.0,0.0,0.0,0.0,0.0,0.0,30825.59624882883,30615.40375117117,30930.692497657663,30510.307502342337,JUN26,JUN26,30720.5,30490.04144763997
NAS,20500.0,-0.039792137366521256,0.001989606868326063,0.0,0.0,0.0,0.0,0.0,0.0,30825.59624882883,30615.40375117117,30930.692497657663,30510.307502342337,JUN26,JUN26,30720.5,30490.04144763997
NAS,20750.0,-0.006754339350323859,0.000337716967516193,0.0,0.0,0.0,0.0,0.0,0.0,30825.59624882883,30615.40375117117,30930.692497657663,30510.307502342337,JUN26,JUN26,30720.5,30490.04144763997
NAS,21000.0,-0.18634276551178075,0.009317138275589037,0.0,0.0,0.0,0.0,0.0,0.0,30825.59624882883,30615.40375117117,30930.692497657663,30510.307502342337,JUN26,JUN26,30720.5,30490.04144763997
NAS,21250.0,-0.0029248546249382463,0.0001462427312469123,0.0,0.0,0.0,0.0,0.0,0.0,30825.59624882883,30615.40375117117,30930.692497657663,30510.307502342337,JUN26,JUN26,30720.5,30490.04144763997
NAS,21500.0,-0.2471417865230389,0.012357089326151944,0.0,0.0,0.0,0.0,0.0,0.0,30825.59624882883,30615.40375117117,30930.692497657663,30510.307502342337,JUN26,JUN26,30720.5,30490.04144763997
NAS,21750.0,-0.0067082054684250506,0.00033541027342125256,0.0,0.0,0.0,0.0,0.0,0.0,30825.59624882883,30615.40375117117,30930.692497657663,30510.307502342337,JUN26,JUN26,30720.5,30490.04144763997
NAS,22000.0,-0.3481988447199394,0.017409942235996973,0.0,0.0,0.0,0.0,0.0,0.0,30825.59624882883,30615.40375117117,30930.692497657663,30510.307502342337,JUN26,JUN26,30720.5,30490.04144763997
NAS,22250.0,-0.02843785743361052,0.001421892871680526,0.0,0.0,0.0,0.0,0.0,0.0,30825.59624882883,30615.40375117117,30930.692497657663,30510.307502342337,JUN26,JUN26,30720.5,30490.04144763997
NAS,22500.0,-0.20862443611726153,0.010431221805863077,0.0,0.0,0.0,0.0,0.0,0.0,30825.59624882883,30615.40375117117,30930.692497657663,30510.307502342337,JUN26,JUN26,30720.5,30490.04144763997
NAS,22750.0,-0.01875941482135041,0.0009379707410675205,0.0,0.0,0.0,0.0,0.0,0.0,30825.59624882883,30615.40375117117,30930.692497657663,30510.307502342337,JUN26,JUN26,30720.5,30490.04144763997
NAS,23000.0,-0.3275145701097031,0.016375728505485153,0.0,0.0,0.0,0.0,0.0,0.0,30825.59624882883,30615.40375117117,30930.692497657663,30510.307502342337,JUN26,JUN26,30720.5,30490.04144763997
NAS,23250.0,-0.05403918487032048,0.002701959243516024,0.0,0.0,0.0,0.0,0.0,0.0,30825.59624882883,30615.40375117117,30930.692497657663,30510.307502342337,JUN26,JUN26,30720.5,30490.04144763997
NAS,23500.0,-0.12863963461869451,0.006437504501788073,0.0,0.0,0.0,0.0,0.0,0.0,30825.59624882883,30615.40375117117,30930.692497657663,30510.307502342337,JUN26,JUN26,30720.5,30490.04144763997
NAS,23600.0,-0.0003006265110705103,1.5031325553525516e-05,0.0,0.0,0.0,0.0,0.0,0.0,30825.59624882883,30615.40375117117,30930.692497657663,30510.307502342337,JUN26,JUN26,30720.5,30490.04144763997
NAS,23700.0,-0.0014746637067509561,7.37331853375478e-05,0.0,0.0,0.0,0.0,0.0,0.0,30825.59624882883,30615.40375117117,30930.692497657663,30510.307502342337,JUN26,JUN26,30720.5,30490.04144763997
NAS,23750.0,-0.006408724109914642,0.0003204362054957321,0.0,0.0,0.0,0.0,0.0,0.0,30825.59624882883,30615.40375117117,30930.692497657663,30510.307502342337,JUN26,JUN26,30720.5,30490.04144763997
NAS,23800.0,-0.0005531867775900048,2.765933887950024e-05,0.0,0.0,0.0,0.0,0.0,0.0,30825.59624882883,30615.40375117117,30930.692497657663,30510.307502342337,JUN26,JUN26,30720.5,30490.04144763997
NAS,23900.0,-0.0012505390960960918,6.252695480480459e-05,0.0,0.0,0.0,0.0,0.0,0.0,30825.59624882883,30615.40375117117,30930.692497657663,30510.307502342337,JUN26,JUN26,30720.5,30490.04144763997
NAS,24000.0,-0.7314864158492768,0.03657432079246383,0.0,0.0,0.0,0.0,0.0,0.0,30825.59624882883,30615.40375117117,30930.692497657663,30510.307502342337,JUN26,JUN26,30720.5,30490.04144763997
NAS,24100.0,-0.0006262791351208395,3.1313956756041976e-05,0.0,0.0,0.0,0.0,0.0,0.0,30825.59624882883,30615.40375117117,30930.692497657663,30510.307502342337,JUN26,JUN26,30720.5,30490.04144763997
NAS,24200.0,-0.0014450829119187743,7.225414559593871e-05,0.0,0.0,0.0,0.0,0.0,0.0,30825.59624882883,30615.40375117117,30930.692497657663,30510.307502342337,JUN26,JUN26,30720.5,30490.04144763997
NAS,24250.0,-0.012362421485350151,0.0006181210742675075,0.0,0.0,0.0,0.0,0.0,0.0,30825.59624882883,30615.40375117117,30930.692497657663,30510.307502342337,JUN26,JUN26,30720.5,30490.04144763997
NAS,24300.0,-0.0034431026226084405,0.000172155131130422,0.0,0.0,0.0,0.0,0.0,0.0,30825.59624882883,30615.40375117117,30930.692497657663,30510.307502342337,JUN26,JUN26,30720.5,30490.04144763997
NAS,24400.0,-0.00028865756958733845,1.4432878479366923e-05,0.0,0.0,0.0,0.0,0.0,0.0,30825.59624882883,30615.40375117117,30930.692497657663,30510.307502342337,JUN26,JUN26,30720.5,30490.04144763997
NAS,24500.0,-0.2309406900365626,0.012858186966473844,0.0,0.0,0.0,0.0,0.0,0.0,30825.59624882883,30615.40375117117,30930.692497657663,30510.307502342337,JUN26,JUN26,30720.5,30490.04144763997
NAS,24600.0,-0.00029111367177599395,1.711526984939352e-05,0.0,0.0,0.0,0.0,0.0,0.0,30825.59624882883,30615.40375117117,30930.692497657663,30510.307502342337,JUN26,JUN26,30720.5,30490.04144763997
NAS,24700.0,-0.002358224251489478,0.00011791121257447391,0.0,0.0,0.0,0.0,0.0,0.0,30825.59624882883,30615.40375117117,30930.692497657663,30510.307502342337,JUN26,JUN26,30720.5,30490.04144763997
NAS,24750.0,-0.0698094792416027,0.0034904739620801356,0.0,0.0,0.0,0.0,0.0,0.0,30825.59624882883,30615.40375117117,30930.692497657663,30510.307502342337,JUN26,JUN26,30720.5,30490.04144763997
NAS,24800.0,-0.010016441422498568,0.0005008220711249284,0.0,0.0,0.0,0.0,0.0,0.0,30825.59624882883,30615.40375117117,30930.692497657663,30510.307502342337,JUN26,JUN26,30720.5,30490.04144763997
NAS,24900.0,-0.004443411801962963,0.00022217059009814813,0.0,0.0,0.0,0.0,0.0,0.0,30825.59624882883,30615.40375117117,30930.692497657663,30510.307502342337,JUN26,JUN26,30720.5,30490.04144763997
NAS,25000.0,-0.3657949609113346,0.01935269094227168,0.0,0.0,0.0,0.0,0.0,0.0,30825.59624882883,30615.40375117117,30930.692497657663,30510.307502342337,JUN26,JUN26,30720.5,30490.04144763997
NAS,25100.0,-0.01405098111343172,0.000702549055671586,0.0,0.0,0.0,0.0,0.0,0.0,30825.59624882883,30615.40375117117,30930.692497657663,30510.307502342337,JUN26,JUN26,30720.5,30490.04144763997
NAS,25200.0,-0.013960687630711479,0.0007083246358648952,0.0,0.0,0.0,0.0,0.0,0.0,30825.59624882883,30615.40375117117,30930.692497657663,30510.307502342337,JUN26,JUN26,30720.5,30490.04144763997
NAS,25250.0,-0.14674719626487795,0.00814462236760159,0.0,0.0,0.0,0.0,0.0,0.0,30825.59624882883,30615.40375117117,30930.692497657663,30510.307502342337,JUN26,JUN26,30720.5,30490.04144763997
NAS,25300.0,-0.002015408358080839,0.00010077041790404195,0.0,0.0,0.0,0.0,0.0,0.0,30825.59624882883,30615.40375117117,30930.692497657663,30510.307502342337,JUN26,JUN26,30720.5,30490.04144763997
NAS,25400.0,-0.009727428019094625,0.0005666833496049634,0.0,0.0,0.0,0.0,0.0,0.0,30825.59624882883,30615.40375117117,30930.692497657663,30510.307502342337,JUN26,JUN26,30720.5,30490.04144763997
NAS,25500.0,-0.03273198675417623,0.007362503527944763,0.0,0.0,0.0,0.0,0.0,0.0,30825.59624882883,30615.40375117117,30930.692497657663,30510.307502342337,JUN26,JUN26,30720.5,30490.04144763997
NAS,25600.0,-0.008966122852953012,0.0004934925557091331,0.0,0.0,0.0,0.0,0.0,0.0,30825.59624882883,30615.40375117117,30930.692497657663,30510.307502342337,JUN26,JUN26,30720.5,30490.04144763997
NAS,25700.0,-0.0014490114626574404,0.00016839160583291202,0.0,0.0,0.0,0.0,0.0,0.0,30825.59624882883,30615.40375117117,30930.692497657663,30510.307502342337,JUN26,JUN26,30720.5,30490.04144763997
NAS,25750.0,-0.09025232910464848,0.005614973005620799,0.0,0.0,0.0,0.0,0.0,0.0,30825.59624882883,30615.40375117117,30930.692497657663,30510.307502342337,JUN26,JUN26,30720.5,30490.04144763997
NAS,25800.0,-0.06463562882136856,0.003231781441068428,0.0,0.0,0.0,0.0,0.0,0.0,30825.59624882883,30615.40375117117,30930.692497657663,30510.307502342337,JUN26,JUN26,30720.5,30490.04144763997
NAS,25900.0,-0.03390958581838895,0.0016954792909194476,0.0,0.0,0.0,0.0,0.0,0.0,30825.59624882883,30615.40375117117,30930.692497657663,30510.307502342337,JUN26,JUN26,30720.5,30490.04144763997
NAS,26000.0,-1.1751941697033697,0.06356741395986308,0.0,0.0,0.0,0.0,0.0,0.0,30825.59624882883,30615.40375117117,30930.692497657663,30510.307502342337,JUN26,JUN26,30720.5,30490.04144763997
NAS,26050.0,-0.09554199337169651,0.0047770996685848255,0.0,0.0,0.0,0.0,0.0,0.0,30825.59624882883,30615.40375117117,30930.692497657663,30510.307502342337,JUN26,JUN26,30720.5,30490.04144763997
NAS,26100.0,-0.035981842003215365,0.0017990921001607683,0.0,0.0,0.0,0.0,0.0,0.0,30825.59624882883,30615.40375117117,30930.692497657663,30510.307502342337,JUN26,JUN26,30720.5,30490.04144763997
NAS,26150.0,-0.040330144633985716,0.0020165072316992855,0.0,0.0,0.0,0.0,0.0,0.0,30825.59624882883,30615.40375117117,30930.692497657663,30510.307502342337,JUN26,JUN26,30720.5,30490.04144763997
NAS,26200.0,-0.22531796497117446,0.01126589824855872,0.0,0.0,0.0,0.0,0.0,0.0,30825.59624882883,30615.40375117117,30930.692497657663,30510.307502342337,JUN26,JUN26,30720.5,30490.04144763997
NAS,26250.0,-0.10490490277847297,0.007435958140654654,0.0,0.0,0.0,0.0,0.0,0.0,30825.59624882883,30615.40375117117,30930.692497657663,30510.307502342337,JUN26,JUN26,30720.5,30490.04144763997
NAS,26300.0,-0.05471282368525528,0.003579592044385629,0.0,0.0,0.0,0.0,0.0,0.0,30825.59624882883,30615.40375117117,30930.692497657663,30510.307502342337,JUN26,JUN26,30720.5,30490.04144763997
NAS,26350.0,-0.06256275203072212,0.0031281376015361057,0.0,0.0,0.0,0.0,0.0,0.0,30825.59624882883,30615.40375117117,30930.692497657663,30510.307502342337,JUN26,JUN26,30720.5,30490.04144763997
NAS,26400.0,-0.023341186652409397,0.0021085499893723674,0.0,0.0,0.0,0.0,0.0,0.0,30825.59624882883,30615.40375117117,30930.692497657663,30510.307502342337,JUN26,JUN26,30720.5,30490.04144763997
NAS,26450.0,-0.011743861038672953,0.0005871930519336478,0.0,0.0,0.0,0.0,0.0,0.0,30825.59624882883,30615.40375117117,30930.692497657663,30510.307502342337,JUN26,JUN26,30720.5,30490.04144763997
NAS,26500.0,-0.9730185182705837,0.05769394470139332,0.0,0.0,0.0,0.0,0.0,0.0,30825.59624882883,30615.40375117117,30930.692497657663,30510.307502342337,JUN26,JUN26,30720.5,30490.04144763997
NAS,26550.0,-0.014895175450013044,0.0007447587725006521,0.0,0.0,0.0,0.0,0.0,0.0,30825.59624882883,30615.40375117117,30930.692497657663,30510.307502342337,JUN26,JUN26,30720.5,30490.04144763997
NAS,26600.0,-0.03467188065037187,0.0018127322329678339,0.0,0.0,0.0,0.0,0.0,0.0,30825.59624882883,30615.40375117117,30930.692497657663,30510.307502342337,JUN26,JUN26,30720.5,30490.04144763997
NAS,26650.0,-0.013551012956631522,0.0006775506478315761,0.0,0.0,0.0,0.0,0.0,0.0,30825.59624882883,30615.40375117117,30930.692497657663,30510.307502342337,JUN26,JUN26,30720.5,30490.04144763997
NAS,26700.0,-0.09969907094729451,0.005025904011239269,0.0,0.0,0.0,0.0,0.0,0.0,30825.59624882883,30615.40375117117,30930.692497657663,30510.307502342337,JUN26,JUN26,30720.5,30490.04144763997
NAS,26750.0,-0.0809885401106969,0.0077227484217526204,0.0,0.0,0.0,0.0,0.0,0.0,30825.59624882883,30615.40375117117,30930.692497657663,30510.307502342337,JUN26,JUN26,30720.5,30490.04144763997
NAS,26800.0,-0.03186863472903423,0.0016939734128644346,0.0,0.0,0.0,0.0,0.0,0.0,30825.59624882883,30615.40375117117,30930.692497657663,30510.307502342337,JUN26,JUN26,30720.5,30490.04144763997
NAS,26850.0,-0.007429996615937943,0.00037149983079689717,0.0,0.0,0.0,0.0,0.0,0.0,30825.59624882883,30615.40375117117,30930.692497657663,30510.307502342337,JUN26,JUN26,30720.5,30490.04144763997
NAS,26900.0,-0.12074350421173757,0.00613263055969877,0.0,0.0,0.0,0.0,0.0,0.0,30825.59624882883,30615.40375117117,30930.692497657663,30510.307502342337,JUN26,JUN26,30720.5,30490.04144763997
NAS,26950.0,-0.016665425433525314,0.0008332712716762657,0.0,0.0,0.0,0.0,0.0,0.0,30825.59624882883,30615.40375117117,30930.692497657663,30510.307502342337,JUN26,JUN26,30720.5,30490.04144763997
NAS,27000.0,-0.03339956094367622,0.011347110535126317,0.0,0.0,0.0,0.0,0.0,0.0,30825.59624882883,30615.40375117117,30930.692497657663,30510.307502342337,JUN26,JUN26,30720.5,30490.04144763997
NAS,27050.0,-0.016254037662344782,0.0008127018831172392,0.0,0.0,0.0,0.0,0.0,0.0,30825.59624882883,30615.40375117117,30930.692497657663,30510.307502342337,JUN26,JUN26,30720.5,30490.04144763997
NAS,27100.0,-0.09770769610054825,0.0049416805785153966,0.0,0.0,0.0,0.0,0.0,0.0,30825.59624882883,30615.40375117117,30930.692497657663,30510.307502342337,JUN26,JUN26,30720.5,30490.04144763997
NAS,27150.0,-0.052531142338380334,0.002626557116919017,0.0,0.0,0.0,0.0,0.0,0.0,30825.59624882883,30615.40375117117,30930.692497657663,30510.307502342337,JUN26,JUN26,30720.5,30490.04144763997
NAS,27200.0,-0.08034477284500739,0.0040172386422503694,0.0,0.0,0.0,0.0,0.0,0.0,30825.59624882883,30615.40375117117,30930.692497657663,30510.307502342337,JUN26,JUN26,30720.5,30490.04144763997
NAS,27250.0,-0.17884609910365734,0.015058433317560132,0.0,0.0,0.0,0.0,0.0,0.0,30825.59624882883,30615.40375117117,30930.692497657663,30510.307502342337,JUN26,JUN26,30720.5,30490.04144763997
NAS,27300.0,-0.13671387456999398,0.006835693728499698,0.0,0.0,0.0,0.0,0.0,0.0,30825.59624882883,30615.40375117117,30930.692497657663,30510.307502342337,JUN26,JUN26,30720.5,30490.04144763997
NAS,27350.0,-0.06722534096831723,0.003361267048415862,0.0,0.0,0.0,0.0,0.0,0.0,30825.59624882883,30615.40375117117,30930.692497657663,30510.307502342337,JUN26,JUN26,30720.5,30490.04144763997
NAS,27400.0,-0.12554580190300618,0.006348849964811883,0.0,0.0,0.0,0.0,0.0,0.0,30825.59624882883,30615.40375117117,30930.692497657663,30510.307502342337,JUN26,JUN26,30720.5,30490.04144763997
NAS,27450.0,-0.08307084602732615,0.004153542301366307,0.0,0.0,0.0,0.0,0.0,0.0,30825.59624882883,30615.40375117117,30930.692497657663,30510.307502342337,JUN26,JUN26,30720.5,30490.04144763997
NAS,27500.0,-0.08567617815895855,0.021627261136852146,0.0,0.0,0.0,0.0,0.0,0.0,30825.59624882883,30615.40375117117,30930.692497657663,30510.307502342337,JUN26,JUN26,30720.5,30490.04144763997
NAS,27550.0,-0.040847491922668816,0.0020423745961334404,0.0,0.0,0.0,0.0,0.0,0.0,30825.59624882883,30615.40375117117,30930.692497657663,30510.307502342337,JUN26,JUN26,30720.5,30490.04144763997
NAS,27600.0,-0.2216015196699016,0.011694327859912737,0.0,0.0,0.0,0.0,0.0,0.0,30825.59624882883,30615.40375117117,30930.692497657663,30510.307502342337,JUN26,JUN26,30720.5,30490.04144763997
NAS,27650.0,-0.0925239941543412,0.0046261997077170595,0.0,0.0,0.0,0.0,0.0,0.0,30825.59624882883,30615.40375117117,30930.692497657663,30510.307502342337,JUN26,JUN26,30720.5,30490.04144763997
NAS,27700.0,-0.09731590026453434,0.005504186394469732,0.0,0.0,0.0,0.0,0.0,0.0,30825.59624882883,30615.40375117117,30930.692497657663,30510.307502342337,JUN26,JUN26,30720.5,30490.04144763997
NAS,27750.0,-0.16351658577566755,0.014382658277752315,0.0,0.0,0.0,0.0,0.0,0.0,30825.59624882883,30615.40375117117,30930.692497657663,30510.307502342337,JUN26,JUN26,30720.5,30490.04144763997
NAS,27800.0,-0.09952647819031978,0.007246003842950214,0.0,0.0,0.0,0.0,0.0,0.0,30825.59624882883,30615.40375117117,30930.692497657663,30510.307502342337,JUN26,JUN26,30720.5,30490.04144763997
NAS,27850.0,-0.020721710141117407,0.0010360855070558703,0.0,0.0,0.0,0.0,0.0,0.0,30825.59624882883,30615.40375117117,30930.692497657663,30510.307502342337,JUN26,JUN26,30720.5,30490.04144763997
NAS,27900.0,-0.08950223540437377,0.010652008533517984,0.0,0.0,0.0,0.0,0.0,0.0,30825.59624882883,30615.40375117117,30930.692497657663,30510.307502342337,JUN26,JUN26,30720.5,30490.04144763997
NAS,27950.0,-0.03705432138787651,0.0018527160693938254,0.0,0.0,0.0,0.0,0.0,0.0,30825.59624882883,30615.40375117117,30930.692497657663,30510.307502342337,JUN26,JUN26,30720.5,30490.04144763997
NAS,28000.0,-0.3736156427422406,0.04011712714447832,0.0,0.0,0.0,0.0,0.0,0.0,30825.59624882883,30615.40375117117,30930.692497657663,30510.307502342337,JUN26,JUN26,30720.5,30490.04144763997
NAS,28050.0,-0.03543697323993919,0.002136618093994369,0.0,0.0,0.0,0.0,0.0,0.0,30825.59624882883,30615.40375117117,30930.692497657663,30510.307502342337,JUN26,JUN26,30720.5,30490.04144763997
NAS,28100.0,-0.14070447538727465,0.008175169932730939,0.0,0.0,0.0,0.0,0.0,0.0,30825.59624882883,30615.40375117117,30930.692497657663,30510.307502342337,JUN26,JUN26,30720.5,30490.04144763997
NAS,28150.0,-0.028841281602279053,0.0014420640801139526,0.0,0.0,0.0,0.0,0.0,0.0,30825.59624882883,30615.40375117117,30930.692497657663,30510.307502342337,JUN26,JUN26,30720.5,30490.04144763997
NAS,28200.0,-0.12266007374077867,0.008405996288403722,0.0,0.0,0.0,0.0,0.0,0.0,30825.59624882883,30615.40375117117,30930.692497657663,30510.307502342337,JUN26,JUN26,30720.5,30490.04144763997
NAS,28250.0,-0.08533366764393037,0.038033835745859175,0.0,0.0,0.0,0.0,0.0,0.0,30825.59624882883,30615.40375117117,30930.692497657663,30510.307502342337,JUN26,JUN26,30720.5,30490.04144763997
NAS,28300.0,-0.06268584122182348,0.008221617654979065,0.0,0.0,0.0,0.0,0.0,0.0,30825.59624882883,30615.40375117117,30930.692497657663,30510.307502342337,JUN26,JUN26,30720.5,30490.04144763997
NAS,28350.0,-0.10400722640962123,0.005200361320481062,0.0,0.0,0.0,0.0,0.0,0.0,30825.59624882883,30615.40375117117,30930.692497657663,30510.307502342337,JUN26,JUN26,30720.5,30490.04144763997
NAS,28400.0,-0.13067603457427962,0.009701218336884027,0.0,0.0,0.0,0.0,0.0,0.0,30825.59624882883,30615.40375117117,30930.692497657663,30510.307502342337,JUN26,JUN26,30720.5,30490.04144763997
NAS,28450.0,-0.05961765935059171,0.0030093031181759335,0.0,0.0,0.0,0.0,0.0,0.0,30825.59624882883,30615.40375117117,30930.692497657663,30510.307502342337,JUN26,JUN26,30720.5,30490.04144763997
NAS,28475.0,-0.017516029632401675,0.0008758014816200838,0.0,0.0,0.0,0.0,0.0,0.0,30825.59624882883,30615.40375117117,30930.692497657663,30510.307502342337,JUN26,JUN26,30720.5,30490.04144763997
NAS,28500.0,-0.04267315284097306,0.04211390250494837,0.0,0.0,0.0,0.0,0.0,0.0,30825.59624882883,30615.40375117117,30930.692497657663,30510.307502342337,JUN26,JUN26,30720.5,30490.04144763997
NAS,28510.0,-0.054098724488576916,0.002704936224428846,0.0,0.0,0.0,0.0,0.0,0.0,30825.59624882883,30615.40375117117,30930.692497657663,30510.307502342337,JUN26,JUN26,30720.5,30490.04144763997
NAS,28520.0,-0.03170226885091894,0.0015851134425459471,0.0,0.0,0.0,0.0,0.0,0.0,30825.59624882883,30615.40375117117,30930.692497657663,30510.307502342337,JUN26,JUN26,30720.5,30490.04144763997
NAS,28525.0,-0.026878218346667797,0.0018065305742520751,0.0,0.0,0.0,0.0,0.0,0.0,30825.59624882883,30615.40375117117,30930.692497657663,30510.307502342337,JUN26,JUN26,30720.5,30490.04144763997
NAS,28530.0,-0.013057956539653182,0.0006528978269826592,0.0,0.0,0.0,0.0,0.0,0.0,30825.59624882883,30615.40375117117,30930.692497657663,30510.307502342337,JUN26,JUN26,30720.5,30490.04144763997
NAS,28540.0,-0.04801525867786758,0.002400762933893379,0.0,0.0,0.0,0.0,0.0,0.0,30825.59624882883,30615.40375117117,30930.692497657663,30510.307502342337,JUN26,JUN26,30720.5,30490.04144763997
NAS,28550.0,-0.10431582715807738,0.005936406764060694,0.0,0.0,0.0,0.0,0.0,0.0,30825.59624882883,30615.40375117117,30930.692497657663,30510.307502342337,JUN26,JUN26,30720.5,30490.04144763997
NAS,28560.0,-0.009771148198481194,0.0004885574099240597,0.0,0.0,0.0,0.0,0.0,0.0,30825.59624882883,30615.40375117117,30930.692497657663,30510.307502342337,JUN26,JUN26,30720.5,30490.04144763997
NAS,28570.0,-0.0030859270170935605,0.00015429635085467802,0.0,0.0,0.0,0.0,0.0,0.0,30825.59624882883,30615.40375117117,30930.692497657663,30510.307502342337,JUN26,JUN26,30720.5,30490.04144763997
NAS,28575.0,-0.022209899134149735,0.0011104949567074867,0.0,0.0,0.0,0.0,0.0,0.0,30825.59624882883,30615.40375117117,30930.692497657663,30510.307502342337,JUN26,JUN26,30720.5,30490.04144763997
NAS,28580.0,-0.022442449474871364,0.001122122473743568,0.0,0.0,0.0,0.0,0.0,0.0,30825.59624882883,30615.40375117117,30930.692497657663,30510.307502342337,JUN26,JUN26,30720.5,30490.04144763997
NAS,28590.0,-0.01090253358196367,0.0005451266790981836,0.0,0.0,0.0,0.0,0.0,0.0,30825.59624882883,30615.40375117117,30930.692497657663,30510.307502342337,JUN26,JUN26,30720.5,30490.04144763997
NAS,28600.0,-0.21417393267376655,0.01279811356983305,0.0,0.0,0.0,0.0,0.0,0.0,30825.59624882883,30615.40375117117,30930.692497657663,30510.307502342337,JUN26,JUN26,30720.5,30490.04144763997
NAS,28610.0,-0.021043452677621394,0.0010521726338810697,0.0,0.0,0.0,0.0,0.0,0.0,30825.59624882883,30615.40375117117,30930.692497657663,30510.307502342337,JUN26,JUN26,30720.5,30490.04144763997
NAS,28620.0,-0.011941084227550428,0.0005970542113775214,0.0,0.0,0.0,0.0,0.0,0.0,30825.59624882883,30615.40375117117,30930.692497657663,30510.307502342337,JUN26,JUN26,30720.5,30490.04144763997
NAS,28625.0,-0.021291801881662686,0.0010645900940831343,0.0,0.0,0.0,0.0,0.0,0.0,30825.59624882883,30615.40375117117,30930.692497657663,30510.307502342337,JUN26,JUN26,30720.5,30490.04144763997
NAS,28630.0,-0.024148956617359916,0.0012074478308679959,0.0,0.0,0.0,0.0,0.0,0.0,30825.59624882883,30615.40375117117,30930.692497657663,30510.307502342337,JUN26,JUN26,30720.5,30490.04144763997
NAS,28640.0,-0.014995843472496849,0.0007497921736248425,0.0,0.0,0.0,0.0,0.0,0.0,30825.59624882883,30615.40375117117,30930.692497657663,30510.307502342337,JUN26,JUN26,30720.5,30490.04144763997
NAS,28650.0,0.2675013754835107,0.027633793512044685,0.0,0.0,0.0,0.0,0.0,0.0,30825.59624882883,30615.40375117117,30930.692497657663,30510.307502342337,JUN26,JUN26,30720.5,30490.04144763997
NAS,28660.0,-0.007552514468348932,0.0003776257234174466,0.0,0.0,0.0,0.0,0.0,0.0,30825.59624882883,30615.40375117117,30930.692497657663,30510.307502342337,JUN26,JUN26,30720.5,30490.04144763997
NAS,28670.0,-0.00459310954801503,0.0002296554774007515,0.0,0.0,0.0,0.0,0.0,0.0,30825.59624882883,30615.40375117117,30930.692497657663,30510.307502342337,JUN26,JUN26,30720.5,30490.04144763997
NAS,28675.0,-0.020965240286789547,0.0010482620143394772,0.0,0.0,0.0,0.0,0.0,0.0,30825.59624882883,30615.40375117117,30930.692497657663,30510.307502342337,JUN26,JUN26,30720.5,30490.04144763997
NAS,28680.0,-0.015229378560723044,0.0007614689280361522,0.0,0.0,0.0,0.0,0.0,0.0,30825.59624882883,30615.40375117117,30930.692497657663,30510.307502342337,JUN26,JUN26,30720.5,30490.04144763997
NAS,28700.0,-0.1724500706637913,0.01048253981634131,0.0,0.0,0.0,0.0,0.0,0.0,30825.59624882883,30615.40375117117,30930.692497657663,30510.307502342337,JUN26,JUN26,30720.5,30490.04144763997
NAS,28710.0,-0.0006463264040776761,3.23163202038838e-05,0.0,0.0,0.0,0.0,0.0,0.0,30825.59624882883,30615.40375117117,30930.692497657663,30510.307502342337,JUN26,JUN26,30720.5,30490.04144763997
NAS,28720.0,-0.010202278154636169,0.0005101139077318084,0.0,0.0,0.0,0.0,0.0,0.0,30825.59624882883,30615.40375117117,30930.692497657663,30510.307502342337,JUN26,JUN26,30720.5,30490.04144763997
NAS,28725.0,-0.13282842710906215,0.006641421355453107,0.0,0.0,0.0,0.0,0.0,0.0,30825.59624882883,30615.40375117117,30930.692497657663,30510.307502342337,JUN26,JUN26,30720.5,30490.04144763997
NAS,28730.0,-0.006312210617413249,0.00031561053087066245,0.0,0.0,0.0,0.0,0.0,0.0,30825.59624882883,30615.40375117117,30930.692497657663,30510.307502342337,JUN26,JUN26,30720.5,30490.04144763997
NAS,28750.0,0.17291951652422086,0.024338929239627684,0.0,0.0,0.0,0.0,0.0,0.0,30825.59624882883,30615.40375117117,30930.692497657663,30510.307502342337,JUN26,JUN26,30720.5,30490.04144763997
NAS,28760.0,-0.006563936051125452,0.00032819680255627263,0.0,0.0,0.0,0.0,0.0,0.0,30825.59624882883,30615.40375117117,30930.692497657663,30510.307502342337,JUN26,JUN26,30720.5,30490.04144763997
NAS,28770.0,-0.011756163747524487,0.0005878081873762243,0.0,0.0,0.0,0.0,0.0,0.0,30825.59624882883,30615.40375117117,30930.692497657663,30510.307502342337,JUN26,JUN26,30720.5,30490.04144763997
NAS,28775.0,-0.029778889610979346,0.0014889444805489672,0.0,0.0,0.0,0.0,0.0,0.0,30825.59624882883,30615.40375117117,30930.692497657663,30510.307502342337,JUN26,JUN26,30720.5,30490.04144763997
NAS,28780.0,-0.01703108888608216,0.0008515544443041079,0.0,0.0,0.0,0.0,0.0,0.0,30825.59624882883,30615.40375117117,30930.692497657663,30510.307502342337,JUN26,JUN26,30720.5,30490.04144763997
NAS,28790.0,-0.004646022838388717,0.00023230114191943584,0.0,0.0,0.0,0.0,0.0,0.0,30825.59624882883,30615.40375117117,30930.692497657663,30510.307502342337,JUN26,JUN26,30720.5,30490.04144763997
NAS,28800.0,-0.14347935508745907,0.01530797514122429,0.0,0.0,0.0,0.0,0.0,0.0,30825.59624882883,30615.40375117117,30930.692497657663,30510.307502342337,JUN26,JUN26,30720.5,30490.04144763997
NAS,28810.0,-0.008313828632202019,0.000415691431610101,0.0,0.0,0.0,0.0,0.0,0.0,30825.59624882883,30615.40375117117,30930.692497657663,30510.307502342337,JUN26,JUN26,30720.5,30490.04144763997
NAS,28820.0,-0.014372042567428439,0.000718602128371422,0.0,0.0,0.0,0.0,0.0,0.0,30825.59624882883,30615.40375117117,30930.692497657663,30510.307502342337,JUN26,JUN26,30720.5,30490.04144763997
NAS,28825.0,-0.015788348738927167,0.0007894174369463583,0.0,0.0,0.0,0.0,0.0,0.0,30825.59624882883,30615.40375117117,30930.692497657663,30510.307502342337,JUN26,JUN26,30720.5,30490.04144763997
NAS,28830.0,-0.005903391788344283,0.00029516958941721417,0.0,0.0,0.0,0.0,0.0,0.0,30825.59624882883,30615.40375117117,30930.692497657663,30510.307502342337,JUN26,JUN26,30720.5,30490.04144763997
NAS,28840.0,-0.0057123021531570815,0.00028561510765785406,0.0,0.0,0.0,0.0,0.0,0.0,30825.59624882883,30615.40375117117,30930.692497657663,30510.307502342337,JUN26,JUN26,30720.5,30490.04144763997
NAS,28850.0,-0.06456847337734806,0.00856343006019051,0.0,0.0,0.0,0.0,0.0,0.0,30825.59624882883,30615.40375117117,30930.692497657663,30510.307502342337,JUN26,JUN26,30720.5,30490.04144763997
NAS,28860.0,-0.002210155414928453,0.00011050777074642264,0.0,0.0,0.0,0.0,0.0,0.0,30825.59624882883,30615.40375117117,30930.692497657663,30510.307502342337,JUN26,JUN26,30720.5,30490.04144763997
NAS,28870.0,-0.029808318959237128,0.0014904159479618563,0.0,0.0,0.0,0.0,0.0,0.0,30825.59624882883,30615.40375117117,30930.692497657663,30510.307502342337,JUN26,JUN26,30720.5,30490.04144763997
NAS,28875.0,-0.13922172506626196,0.006961086253313099,0.0,0.0,0.0,0.0,0.0,0.0,30825.59624882883,30615.40375117117,30930.692497657663,30510.307502342337,JUN26,JUN26,30720.5,30490.04144763997
NAS,28890.0,-0.003263459588825783,0.00016317297944128914,0.0,0.0,0.0,0.0,0.0,0.0,30825.59624882883,30615.40375117117,30930.692497657663,30510.307502342337,JUN26,JUN26,30720.5,30490.04144763997
NAS,28900.0,-0.27853333670217517,0.028283099785840492,0.0,0.0,0.0,0.0,0.0,0.0,30825.59624882883,30615.40375117117,30930.692497657663,30510.307502342337,JUN26,JUN26,30720.5,30490.04144763997
NAS,28910.0,-0.010424708335410125,0.0005212354167705062,0.0,0.0,0.0,0.0,0.0,0.0,30825.59624882883,30615.40375117117,30930.692497657663,30510.307502342337,JUN26,JUN26,30720.5,30490.04144763997
NAS,28920.0,-0.0054308928143424985,0.0002715446407171249,0.0,0.0,0.0,0.0,0.0,0.0,30825.59624882883,30615.40375117117,30930.692497657663,30510.307502342337,JUN26,JUN26,30720.5,30490.04144763997
NAS,28925.0,-0.05204109803475543,0.002602054901737771,0.0,0.0,0.0,0.0,0.0,0.0,30825.59624882883,30615.40375117117,30930.692497657663,30510.307502342337,JUN26,JUN26,30720.5,30490.04144763997
NAS,28930.0,-0.012121053538834985,0.0006060526769417492,0.0,0.0,0.0,0.0,0.0,0.0,30825.59624882883,30615.40375117117,30930.692497657663,30510.307502342337,JUN26,JUN26,30720.5,30490.04144763997
NAS,28940.0,-0.013818155494787626,0.0006909077747393813,0.0,0.0,0.0,0.0,0.0,0.0,30825.59624882883,30615.40375117117,30930.692497657663,30510.307502342337,JUN26,JUN26,30720.5,30490.04144763997
NAS,28950.0,-0.088074121138286,0.012855285504342569,0.0,0.0,0.0,0.0,0.0,0.0,30825.59624882883,30615.40375117117,30930.692497657663,30510.307502342337,JUN26,JUN26,30720.5,30490.04144763997
NAS,28960.0,-0.021335265648428685,0.001066763282421434,0.0,0.0,0.0,0.0,0.0,0.0,30825.59624882883,30615.40375117117,30930.692497657663,30510.307502342337,JUN26,JUN26,30720.5,30490.04144763997
NAS,28970.0,-0.003651869566342809,0.00018259347831714044,0.0,0.0,0.0,0.0,0.0,0.0,30825.59624882883,30615.40375117117,30930.692497657663,30510.307502342337,JUN26,JUN26,30720.5,30490.04144763997
NAS,28975.0,-0.038460832871018966,0.0019230416435509483,0.0,0.0,0.0,0.0,0.0,0.0,30825.59624882883,30615.40375117117,30930.692497657663,30510.307502342337,JUN26,JUN26,30720.5,30490.04144763997
NAS,28980.0,-0.012429200216182643,0.0006214600108091321,0.0,0.0,0.0,0.0,0.0,0.0,30825.59624882883,30615.40375117117,30930.692497657663,30510.307502342337,JUN26,JUN26,30720.5,30490.04144763997
NAS,28990.0,-0.020041672820947654,0.0010020836410473827,0.0,0.0,0.0,0.0,0.0,0.0,30825.59624882883,30615.40375117117,30930.692497657663,30510.307502342337,JUN26,JUN26,30720.5,30490.04144763997
NAS,29000.0,0.43373214397847343,0.1641316857194238,0.0,0.0,0.0,0.0,0.0,0.0,30825.59624882883,30615.40375117117,30930.692497657663,30510.307502342337,JUN26,JUN26,30720.5,30490.04144763997
NAS,29010.0,-0.0038716130440639113,0.00019358065220319556,0.0,0.0,0.0,0.0,0.0,0.0,30825.59624882883,30615.40375117117,30930.692497657663,30510.307502342337,JUN26,JUN26,30720.5,30490.04144763997
NAS,29020.0,-0.002946217216875376,0.0001473108608437688,0.0,0.0,0.0,0.0,0.0,0.0,30825.59624882883,30615.40375117117,30930.692497657663,30510.307502342337,JUN26,JUN26,30720.5,30490.04144763997
NAS,29025.0,-0.04294617509048481,0.0021473087545242405,0.0,0.0,0.0,0.0,0.0,0.0,30825.59624882883,30615.40375117117,30930.692497657663,30510.307502342337,JUN26,JUN26,30720.5,30490.04144763997
NAS,29030.0,-0.009964230627570334,0.0004982115313785166,0.0,0.0,0.0,0.0,0.0,0.0,30825.59624882883,30615.40375117117,30930.692497657663,30510.307502342337,JUN26,JUN26,30720.5,30490.04144763997
NAS,29040.0,-0.00759862235773676,0.000379931117886838,0.0,0.0,0.0,0.0,0.0,0.0,30825.59624882883,30615.40375117117,30930.692497657663,30510.307502342337,JUN26,JUN26,30720.5,30490.04144763997
NAS,29050.0,-0.18936289866561037,0.013080369063427667,0.0,0.0,0.0,0.0,0.0,0.0,30825.59624882883,30615.40375117117,30930.692497657663,30510.307502342337,JUN26,JUN26,30720.5,30490.04144763997
NAS,29060.0,-0.012209503626820394,0.0006104751813410198,0.0,0.0,0.0,0.0,0.0,0.0,30825.59624882883,30615.40375117117,30930.692497657663,30510.307502342337,JUN26,JUN26,30720.5,30490.04144763997
NAS,29070.0,-0.004201817615053686,0.00021009088075268432,0.0,0.0,0.0,0.0,0.0,0.0,30825.59624882883,30615.40375117117,30930.692497657663,30510.307502342337,JUN26,JUN26,30720.5,30490.04144763997
NAS,29075.0,-0.07748715290103839,0.003874357645051919,0.0,0.0,0.0,0.0,0.0,0.0,30825.59624882883,30615.40375117117,30930.692497657663,30510.307502342337,JUN26,JUN26,30720.5,30490.04144763997
NAS,29080.0,-0.007423176447074824,0.0003711588223537412,0.0,0.0,0.0,0.0,0.0,0.0,30825.59624882883,30615.40375117117,30930.692497657663,30510.307502342337,JUN26,JUN26,30720.5,30490.04144763997
NAS,29090.0,-0.00877620727831295,0.00043881036391564754,0.0,0.0,0.0,0.0,0.0,0.0,30825.59624882883,30615.40375117117,30930.692497657663,30510.307502342337,JUN26,JUN26,30720.5,30490.04144763997
NAS,29100.0,-0.21417656783249134,0.03219636586245768,0.0,0.0,0.0,0.0,0.0,0.0,30825.59624882883,30615.40375117117,30930.692497657663,30510.307502342337,JUN26,JUN26,30720.5,30490.04144763997
NAS,29110.0,-0.006709481388482272,0.0003354740694241136,0.0,0.0,0.0,0.0,0.0,0.0,30825.59624882883,30615.40375117117,30930.692497657663,30510.307502342337,JUN26,JUN26,30720.5,30490.04144763997
NAS,29120.0,-0.014105194576508386,0.0007052597288254193,0.0,0.0,0.0,0.0,0.0,0.0,30825.59624882883,30615.40375117117,30930.692497657663,30510.307502342337,JUN26,JUN26,30720.5,30490.04144763997
NAS,29125.0,-0.05344476117266893,0.0031664086567740066,0.0,0.0,0.0,0.0,0.0,0.0,30825.59624882883,30615.40375117117,30930.692497657663,30510.307502342337,JUN26,JUN26,30720.5,30490.04144763997
NAS,29130.0,-0.022984575227826914,0.0011492287613913458,0.0,0.0,0.0,0.0,0.0,0.0,30825.59624882883,30615.40375117117,30930.692497657663,30510.307502342337,JUN26,JUN26,30720.5,30490.04144763997
NAS,29140.0,-0.003534023708801199,0.00017670118544005996,0.0,0.0,0.0,0.0,0.0,0.0,30825.59624882883,30615.40375117117,30930.692497657663,30510.307502342337,JUN26,JUN26,30720.5,30490.04144763997
NAS,29150.0,-0.1363103971972974,0.01170067086652943,0.0,0.0,0.0,0.0,0.0,0.0,30825.59624882883,30615.40375117117,30930.692497657663,30510.307502342337,JUN26,JUN26,30720.5,30490.04144763997
NAS,29160.0,-0.004805571311649502,0.0002402785655824751,0.0,0.0,0.0,0.0,0.0,0.0,30825.59624882883,30615.40375117117,30930.692497657663,30510.307502342337,JUN26,JUN26,30720.5,30490.04144763997
NAS,29170.0,-0.005826351134832845,0.00029131755674164224,0.0,0.0,0.0,0.0,0.0,0.0,30825.59624882883,30615.40375117117,30930.692497657663,30510.307502342337,JUN26,JUN26,30720.5,30490.04144763997
NAS,29175.0,-0.031943152911020116,0.001597157645551006,0.0,0.0,0.0,0.0,0.0,0.0,30825.59624882883,30615.40375117117,30930.692497657663,30510.307502342337,JUN26,JUN26,30720.5,30490.04144763997
NAS,29180.0,-0.0037568717860198032,0.00018784358930099015,0.0,0.0,0.0,0.0,0.0,0.0,30825.59624882883,30615.40375117117,30930.692497657663,30510.307502342337,JUN26,JUN26,30720.5,30490.04144763997
NAS,29190.0,-0.034151791386820216,0.001707589569341011,0.0,0.0,0.0,0.0,0.0,0.0,30825.59624882883,30615.40375117117,30930.692497657663,30510.307502342337,JUN26,JUN26,30720.5,30490.04144763997
NAS,29200.0,-0.39154581017426604,0.041471789738164844,0.0,0.0,0.0,0.0,0.0,0.0,30825.59624882883,30615.40375117117,30930.692497657663,30510.307502342337,JUN26,JUN26,30720.5,30490.04144763997
NAS,29210.0,-0.04874085211812103,0.0024370426059060514,0.0,0.0,0.0,0.0,0.0,0.0,30825.59624882883,30615.40375117117,30930.692497657663,30510.307502342337,JUN26,JUN26,30720.5,30490.04144763997
NAS,29220.0,-0.027946140448397105,0.0013973070224198552,0.0,0.0,0.0,0.0,0.0,0.0,30825.59624882883,30615.40375117117,30930.692497657663,30510.307502342337,JUN26,JUN26,30720.5,30490.04144763997
NAS,29225.0,-0.031687112626880475,0.0015843556313440237,0.0,0.0,0.0,0.0,0.0,0.0,30825.59624882883,30615.40375117117,30930.692497657663,30510.307502342337,JUN26,JUN26,30720.5,30490.04144763997
NAS,29230.0,-0.008224532298821165,0.00041122661494105825,0.0,0.0,0.0,0.0,0.0,0.0,30825.59624882883,30615.40375117117,30930.692497657663,30510.307502342337,JUN26,JUN26,30720.5,30490.04144763997
NAS,29240.0,-0.016616240941123416,0.0008308120470561708,0.0,0.0,0.0,0.0,0.0,0.0,30825.59624882883,30615.40375117117,30930.692497657663,30510.307502342337,JUN26,JUN26,30720.5,30490.04144763997
NAS,29250.0,0.24531561588856335,0.054674107678965744,0.0,0.0,0.0,0.0,0.0,0.0,30825.59624882883,30615.40375117117,30930.692497657663,30510.307502342337,JUN26,JUN26,30720.5,30490.04144763997
NAS,29260.0,-0.007200479513395653,0.00036002397566978266,0.0,0.0,0.0,0.0,0.0,0.0,30825.59624882883,30615.40375117117,30930.692497657663,30510.307502342337,JUN26,JUN26,30720.5,30490.04144763997
NAS,29270.0,-0.04802085085070552,0.0024010425425352758,0.0,0.0,0.0,0.0,0.0,0.0,30825.59624882883,30615.40375117117,30930.692497657663,30510.307502342337,JUN26,JUN26,30720.5,30490.04144763997
NAS,29275.0,-0.03711530581182212,0.001855765290591106,0.0,0.0,0.0,0.0,0.0,0.0,30825.59624882883,30615.40375117117,30930.692497657663,30510.307502342337,JUN26,JUN26,30720.5,30490.04144763997
NAS,29280.0,-0.008978907823676423,0.0004489453911838212,0.0,0.0,0.0,0.0,0.0,0.0,30825.59624882883,30615.40375117117,30930.692497657663,30510.307502342337,JUN26,JUN26,30720.5,30490.04144763997
NAS,29290.0,-0.0529310131918003,0.0026465506595900147,0.0,0.0,0.0,0.0,0.0,0.0,30825.59624882883,30615.40375117117,30930.692497657663,30510.307502342337,JUN26,JUN26,30720.5,30490.04144763997
NAS,29300.0,-0.4633913797636905,0.035418733193352835,0.0,0.0,0.0,0.0,0.0,0.0,30825.59624882883,30615.40375117117,30930.692497657663,30510.307502342337,JUN26,JUN26,30720.5,30490.04144763997
NAS,29320.0,-0.009525800619435922,0.00047629003097179613,0.0,0.0,0.0,0.0,0.0,0.0,30825.59624882883,30615.40375117117,30930.692497657663,30510.307502342337,JUN26,JUN26,30720.5,30490.04144763997
NAS,29325.0,-0.11510832155432502,0.005755416077716251,0.0,0.0,0.0,0.0,0.0,0.0,30825.59624882883,30615.40375117117,30930.692497657663,30510.307502342337,JUN26,JUN26,30720.5,30490.04144763997
NAS,29330.0,-0.009783205736177684,0.0004891602868088842,0.0,0.0,0.0,0.0,0.0,0.0,30825.59624882883,30615.40375117117,30930.692497657663,30510.307502342337,JUN26,JUN26,30720.5,30490.04144763997
NAS,29340.0,-0.024723867035722952,0.0012361933517861478,0.0,0.0,0.0,0.0,0.0,0.0,30825.59624882883,30615.40375117117,30930.692497657663,30510.307502342337,JUN26,JUN26,30720.5,30490.04144763997
NAS,29350.0,-0.05786910029912863,0.008529060422155,0.0,0.0,0.0,0.0,0.0,0.0,30825.59624882883,30615.40375117117,30930.692497657663,30510.307502342337,JUN26,JUN26,30720.5,30490.04144763997
NAS,29360.0,-0.0017103758751824205,8.551879375912103e-05,0.0,0.0,0.0,0.0,0.0,0.0,30825.59624882883,30615.40375117117,30930.692497657663,30510.307502342337,JUN26,JUN26,30720.5,30490.04144763997
NAS,29370.0,-0.037105236316830416,0.0018552618158415206,0.0,0.0,0.0,0.0,0.0,0.0,30825.59624882883,30615.40375117117,30930.692497657663,30510.307502342337,JUN26,JUN26,30720.5,30490.04144763997
NAS,29375.0,-0.2758892737047484,0.013794463685237422,0.0,0.0,0.0,0.0,0.0,0.0,30825.59624882883,30615.40375117117,30930.692497657663,30510.307502342337,JUN26,JUN26,30720.5,30490.04144763997
NAS,29380.0,-0.047438924141367446,0.002371946207068372,0.0,0.0,0.0,0.0,0.0,0.0,30825.59624882883,30615.40375117117,30930.692497657663,30510.307502342337,JUN26,JUN26,30720.5,30490.04144763997
NAS,29390.0,-0.025323355297741584,0.0012661677648870794,0.0,0.0,0.0,0.0,0.0,0.0,30825.59624882883,30615.40375117117,30930.692497657663,30510.307502342337,JUN26,JUN26,30720.5,30490.04144763997
NAS,29400.0,-0.46176785631284045,0.07183880475891502,0.0,0.0,0.0,0.0,0.0,0.0,30825.59624882883,30615.40375117117,30930.692497657663,30510.307502342337,JUN26,JUN26,30720.5,30490.04144763997
NAS,29410.0,-0.0037704287254985425,0.00018852143627492713,0.0,0.0,0.0,0.0,0.0,0.0,30825.59624882883,30615.40375117117,30930.692497657663,30510.307502342337,JUN26,JUN26,30720.5,30490.04144763997
NAS,29420.0,-0.04055502943700559,0.0020277514718502797,0.0,0.0,0.0,0.0,0.0,0.0,30825.59624882883,30615.40375117117,30930.692497657663,30510.307502342337,JUN26,JUN26,30720.5,30490.04144763997
NAS,29425.0,-0.05045769867916292,0.002522884933958146,0.0,0.0,0.0,0.0,0.0,0.0,30825.59624882883,30615.40375117117,30930.692497657663,30510.307502342337,JUN26,JUN26,30720.5,30490.04144763997
NAS,29430.0,-0.020946801012793923,0.0010473400506396961,0.0,0.0,0.0,0.0,0.0,0.0,30825.59624882883,30615.40375117117,30930.692497657663,30510.307502342337,JUN26,JUN26,30720.5,30490.04144763997
NAS,29440.0,-0.01400074398733635,0.0007000371993668175,0.0,0.0,0.0,0.0,0.0,0.0,30825.59624882883,30615.40375117117,30930.692497657663,30510.307502342337,JUN26,JUN26,30720.5,30490.04144763997
NAS,29450.0,0.4372288151454782,0.0774231437881581,0.0,0.0,0.0,0.0,0.0,0.0,30825.59624882883,30615.40375117117,30930.692497657663,30510.307502342337,JUN26,JUN26,30720.5,30490.04144763997
NAS,29460.0,-0.035583479021832315,0.0017791739510916158,0.0,0.0,0.0,0.0,0.0,0.0,30825.59624882883,30615.40375117117,30930.692497657663,30510.307502342337,JUN26,JUN26,30720.5,30490.04144763997
NAS,29470.0,-0.021425681658720223,0.0010712840829360112,0.0,0.0,0.0,0.0,0.0,0.0,30825.59624882883,30615.40375117117,30930.692497657663,30510.307502342337,JUN26,JUN26,30720.5,30490.04144763997
NAS,29475.0,-0.06203227831801435,0.0031016139159007173,0.0,0.0,0.0,0.0,0.0,0.0,30825.59624882883,30615.40375117117,30930.692497657663,30510.307502342337,JUN26,JUN26,30720.5,30490.04144763997
NAS,29480.0,-0.02167687094127091,0.0010838435470635454,0.0,0.0,0.0,0.0,0.0,0.0,30825.59624882883,30615.40375117117,30930.692497657663,30510.307502342337,JUN26,JUN26,30720.5,30490.04144763997
NAS,29490.0,-0.02204618425318251,0.0011023092126591254,0.0,0.0,0.0,0.0,0.0,0.0,30825.59624882883,30615.40375117117,30930.692497657663,30510.307502342337,JUN26,JUN26,30720.5,30490.04144763997
NAS,29500.0,-0.5860327731860254,0.09608919630334471,0.0,0.0,0.0,0.0,0.0,0.0,30825.59624882883,30615.40375117117,30930.692497657663,30510.307502342337,JUN26,JUN26,30720.5,30490.04144763997
NAS,29510.0,-0.006946764336297937,0.00034733821681489686,0.0,0.0,0.0,0.0,0.0,0.0,30825.59624882883,30615.40375117117,30930.692497657663,30510.307502342337,JUN26,JUN26,30720.5,30490.04144763997
NAS,29520.0,-0.007097296729762986,0.0003548648364881493,0.0,0.0,0.0,0.0,0.0,0.0,30825.59624882883,30615.40375117117,30930.692497657663,30510.307502342337,JUN26,JUN26,30720.5,30490.04144763997
NAS,29525.0,-0.06457655114948005,0.0032288275574740024,0.0,0.0,0.0,0.0,0.0,0.0,30825.59624882883,30615.40375117117,30930.692497657663,30510.307502342337,JUN26,JUN26,30720.5,30490.04144763997
NAS,29530.0,-0.024164226867709547,0.0012082113433854774,0.0,0.0,0.0,0.0,0.0,0.0,30825.59624882883,30615.40375117117,30930.692497657663,30510.307502342337,JUN26,JUN26,30720.5,30490.04144763997
NAS,29540.0,-0.016490762075101136,0.0008245381037550568,0.0,0.0,0.0,0.0,0.0,0.0,30825.59624882883,30615.40375117117,30930.692497657663,30510.307502342337,JUN26,JUN26,30720.5,30490.04144763997
NAS,29550.0,-0.19622566466121458,0.01427763952892271,0.0,0.0,0.0,0.0,0.0,0.0,30825.59624882883,30615.40375117117,30930.692497657663,30510.307502342337,JUN26,JUN26,30720.5,30490.04144763997
NAS,29560.0,-0.018000627665769108,0.0009000313832884554,0.0,0.0,0.0,0.0,0.0,0.0,30825.59624882883,30615.40375117117,30930.692497657663,30510.307502342337,JUN26,JUN26,30720.5,30490.04144763997
NAS,29570.0,-0.010497363125677972,0.0005248681562838986,0.0,0.0,0.0,0.0,0.0,0.0,30825.59624882883,30615.40375117117,30930.692497657663,30510.307502342337,JUN26,JUN26,30720.5,30490.04144763997
NAS,29575.0,-0.021978530334849006,0.0010989265167424503,0.0,0.0,0.0,0.0,0.0,0.0,30825.59624882883,30615.40375117117,30930.692497657663,30510.307502342337,JUN26,JUN26,30720.5,30490.04144763997
NAS,29580.0,-0.010711068376983292,0.0005355534188491646,0.0,0.0,0.0,0.0,0.0,0.0,30825.59624882883,30615.40375117117,30930.692497657663,30510.307502342337,JUN26,JUN26,30720.5,30490.04144763997
NAS,29590.0,-0.02731822608946721,0.0013659113044733604,0.0,0.0,0.0,0.0,0.0,0.0,30825.59624882883,30615.40375117117,30930.692497657663,30510.307502342337,JUN26,JUN26,30720.5,30490.04144763997
NAS,29600.0,-0.21204695045165556,0.04827569279213542,0.0,0.0,0.0,0.0,0.0,0.0,30825.59624882883,30615.40375117117,30930.692497657663,30510.307502342337,JUN26,JUN26,30720.5,30490.04144763997
NAS,29610.0,-0.016254835359911277,0.0008127417679955639,0.0,0.0,0.0,0.0,0.0,0.0,30825.59624882883,30615.40375117117,30930.692497657663,30510.307502342337,JUN26,JUN26,30720.5,30490.04144763997
NAS,29620.0,-0.002917629062169397,0.00014588145310846985,0.0,0.0,0.0,0.0,0.0,0.0,30825.59624882883,30615.40375117117,30930.692497657663,30510.307502342337,JUN26,JUN26,30720.5,30490.04144763997
NAS,29625.0,-0.07735246545801405,0.0038676232729007026,0.0,0.0,0.0,0.0,0.0,0.0,30825.59624882883,30615.40375117117,30930.692497657663,30510.307502342337,JUN26,JUN26,30720.5,30490.04144763997
NAS,29630.0,-0.011897056675998382,0.0005948528337999191,0.0,0.0,0.0,0.0,0.0,0.0,30825.59624882883,30615.40375117117,30930.692497657663,30510.307502342337,JUN26,JUN26,30720.5,30490.04144763997
NAS,29640.0,-0.044441610919788495,0.0022220805459894247,0.0,0.0,0.0,0.0,0.0,0.0,30825.59624882883,30615.40375117117,30930.692497657663,30510.307502342337,JUN26,JUN26,30720.5,30490.04144763997
NAS,29650.0,-0.45833040075322323,0.02751295512980626,0.0,0.0,0.0,0.0,0.0,0.0,30825.59624882883,30615.40375117117,30930.692497657663,30510.307502342337,JUN26,JUN26,30720.5,30490.04144763997
NAS,29660.0,-0.06968207304813775,0.003484103652406888,0.0,0.0,0.0,0.0,0.0,0.0,30825.59624882883,30615.40375117117,30930.692497657663,30510.307502342337,JUN26,JUN26,30720.5,30490.04144763997
NAS,29670.0,-0.011630224484956844,0.0005815112242478421,0.0,0.0,0.0,0.0,0.0,0.0,30825.59624882883,30615.40375117117,30930.692497657663,30510.307502342337,JUN26,JUN26,30720.5,30490.04144763997
NAS,29675.0,-0.06306973959724155,0.0031534869798620774,0.0,0.0,0.0,0.0,0.0,0.0,30825.59624882883,30615.40375117117,30930.692497657663,30510.307502342337,JUN26,JUN26,30720.5,30490.04144763997
NAS,29680.0,-0.05454861463546816,0.002727430731773408,0.0,0.0,0.0,0.0,0.0,0.0,30825.59624882883,30615.40375117117,30930.692497657663,30510.307502342337,JUN26,JUN26,30720.5,30490.04144763997
NAS,29690.0,-0.03566683339965074,0.0021108648536401196,0.0,0.0,0.0,0.0,0.0,0.0,30825.59624882883,30615.40375117117,30930.692497657663,30510.307502342337,JUN26,JUN26,30720.5,30490.04144763997
NAS,29700.0,-0.8302628726362659,0.05382578697564653,0.0,0.0,0.0,0.0,0.0,0.0,30825.59624882883,30615.40375117117,30930.692497657663,30510.307502342337,JUN26,JUN26,30720.5,30490.04144763997
NAS,29710.0,-0.02456524896354175,0.0012282624481770876,0.0,0.0,0.0,0.0,0.0,0.0,30825.59624882883,30615.40375117117,30930.692497657663,30510.307502342337,JUN26,JUN26,30720.5,30490.04144763997
NAS,29720.0,-0.03230997141772786,0.0016154985708863928,0.0,0.0,0.0,0.0,0.0,0.0,30825.59624882883,30615.40375117117,30930.692497657663,30510.307502342337,JUN26,JUN26,30720.5,30490.04144763997
NAS,29725.0,-0.09234757561144377,0.004617378780572189,0.0,0.0,0.0,0.0,0.0,0.0,30825.59624882883,30615.40375117117,30930.692497657663,30510.307502342337,JUN26,JUN26,30720.5,30490.04144763997
NAS,29730.0,-0.05848027192614917,0.0029240135963074588,0.0,0.0,0.0,0.0,0.0,0.0,30825.59624882883,30615.40375117117,30930.692497657663,30510.307502342337,JUN26,JUN26,30720.5,30490.04144763997
NAS,29740.0,-0.014948402977375722,0.0007474201488687861,0.0,0.0,0.0,0.0,0.0,0.0,30825.59624882883,30615.40375117117,30930.692497657663,30510.307502342337,JUN26,JUN26,30720.5,30490.04144763997
NAS,29750.0,0.04126598713420561,0.07201166766452753,0.0,0.0,0.0,0.0,0.0,0.0,30825.59624882883,30615.40375117117,30930.692497657663,30510.307502342337,JUN26,JUN26,30720.5,30490.04144763997
NAS,29760.0,-0.011663559997320355,0.0005831779998660177,0.0,0.0,0.0,0.0,0.0,0.0,30825.59624882883,30615.40375117117,30930.692497657663,30510.307502342337,JUN26,JUN26,30720.5,30490.04144763997
NAS,29770.0,-0.0232563388295395,0.0011628169414769753,0.0,0.0,0.0,0.0,0.0,0.0,30825.59624882883,30615.40375117117,30930.692497657663,30510.307502342337,JUN26,JUN26,30720.5,30490.04144763997
NAS,29775.0,-0.08772495313985565,0.0043862476569927825,0.0,0.0,0.0,0.0,0.0,0.0,30825.59624882883,30615.40375117117,30930.692497657663,30510.307502342337,JUN26,JUN26,30720.5,30490.04144763997
NAS,29780.0,-0.009772084996654367,0.0004886042498327183,0.0,0.0,0.0,0.0,0.0,0.0,30825.59624882883,30615.40375117117,30930.692497657663,30510.307502342337,JUN26,JUN26,30720.5,30490.04144763997
NAS,29790.0,-0.012429136752002483,0.0006214568376001242,0.0,0.0,0.0,0.0,0.0,0.0,30825.59624882883,30615.40375117117,30930.692497657663,30510.307502342337,JUN26,JUN26,30720.5,30490.04144763997
NAS,29800.0,-1.1840337522010143,0.09353276985685668,0.0,0.0,0.0,0.0,0.0,0.0,30825.59624882883,30615.40375117117,30930.692497657663,30510.307502342337,JUN26,JUN26,30720.5,30490.04144763997
NAS,29810.0,-0.047489290028490894,0.002374464501424545,0.0,0.0,0.0,0.0,0.0,0.0,30825.59624882883,30615.40375117117,30930.692497657663,30510.307502342337,JUN26,JUN26,30720.5,30490.04144763997
NAS,29820.0,-0.05727360871822014,0.002863680435911007,0.0,0.0,0.0,0.0,0.0,0.0,30825.59624882883,30615.40375117117,30930.692497657663,30510.307502342337,JUN26,JUN26,30720.5,30490.04144763997
NAS,29825.0,-0.10975969596507867,0.005487984798253933,0.0,0.0,0.0,0.0,0.0,0.0,30825.59624882883,30615.40375117117,30930.692497657663,30510.307502342337,JUN26,JUN26,30720.5,30490.04144763997
NAS,29830.0,-0.05091005171497204,0.002545502585748602,0.0,0.0,0.0,0.0,0.0,0.0,30825.59624882883,30615.40375117117,30930.692497657663,30510.307502342337,JUN26,JUN26,30720.5,30490.04144763997
NAS,29840.0,-0.018342350948278473,0.0009171175474139237,0.0,0.0,0.0,0.0,0.0,0.0,30825.59624882883,30615.40375117117,30930.692497657663,30510.307502342337,JUN26,JUN26,30720.5,30490.04144763997
NAS,29850.0,-0.3064647581203333,0.01678511190573672,0.0,0.0,0.0,0.0,0.0,0.0,30825.59624882883,30615.40375117117,30930.692497657663,30510.307502342337,JUN26,JUN26,30720.5,30490.04144763997
NAS,29860.0,-0.03338933206385237,0.0016694666031926183,0.0,0.0,0.0,0.0,0.0,0.0,30825.59624882883,30615.40375117117,30930.692497657663,30510.307502342337,JUN26,JUN26,30720.5,30490.04144763997
NAS,29870.0,-0.03891080276745575,0.0019455401383727878,0.0,0.0,0.0,0.0,0.0,0.0,30825.59624882883,30615.40375117117,30930.692497657663,30510.307502342337,JUN26,JUN26,30720.5,30490.04144763997
NAS,29875.0,-0.2775860972908678,0.014897881829582339,0.0,0.0,0.0,0.0,0.0,0.0,30825.59624882883,30615.40375117117,30930.692497657663,30510.307502342337,JUN26,JUN26,30720.5,30490.04144763997
NAS,29880.0,-0.030437400878527806,0.0015218700439263903,0.0,0.0,0.0,0.0,0.0,0.0,30825.59624882883,30615.40375117117,30930.692497657663,30510.307502342337,JUN26,JUN26,30720.5,30490.04144763997
NAS,29890.0,-0.05066375273693122,0.002533187636846561,0.0,0.0,0.0,0.0,0.0,0.0,30825.59624882883,30615.40375117117,30930.692497657663,30510.307502342337,JUN26,JUN26,30720.5,30490.04144763997
NAS,29900.0,-1.120295125168934,0.1197827316672045,0.0,0.0,0.0,0.0,0.0,0.0,30825.59624882883,30615.40375117117,30930.692497657663,30510.307502342337,JUN26,JUN26,30720.5,30490.04144763997
NAS,29910.0,-0.08964264409006799,0.004482132204503399,0.0,0.0,0.0,0.0,0.0,0.0,30825.59624882883,30615.40375117117,30930.692497657663,30510.307502342337,JUN26,JUN26,30720.5,30490.04144763997
NAS,29925.0,-0.0542825501389641,0.002714127506948205,0.0,0.0,0.0,0.0,0.0,0.0,30825.59624882883,30615.40375117117,30930.692497657663,30510.307502342337,JUN26,JUN26,30720.5,30490.04144763997
NAS,29930.0,0.010816935082919808,0.0016377607222820571,0.0,0.0,0.0,0.0,0.0,0.0,30825.59624882883,30615.40375117117,30930.692497657663,30510.307502342337,JUN26,JUN26,30720.5,30490.04144763997
NAS,29940.0,-0.14551337776521178,0.007275668888260589,0.0,0.0,0.0,0.0,0.0,0.0,30825.59624882883,30615.40375117117,30930.692497657663,30510.307502342337,JUN26,JUN26,30720.5,30490.04144763997
NAS,29950.0,-0.4758739239445728,0.02955596589071165,0.0,0.0,0.0,0.0,0.0,0.0,30825.59624882883,30615.40375117117,30930.692497657663,30510.307502342337,JUN26,JUN26,30720.5,30490.04144763997
NAS,29960.0,-3.344831631720956e-05,0.0005799260577105487,0.0,0.0,0.0,0.0,0.0,0.0,30825.59624882883,30615.40375117117,30930.692497657663,30510.307502342337,JUN26,JUN26,30720.5,30490.04144763997
NAS,29970.0,-0.06698500406269693,0.003349250203134847,0.0,0.0,0.0,0.0,0.0,0.0,30825.59624882883,30615.40375117117,30930.692497657663,30510.307502342337,JUN26,JUN26,30720.5,30490.04144763997
NAS,29975.0,-0.13675004313823647,0.014117901638204616,0.0,0.0,0.0,0.0,0.0,0.0,30825.59624882883,30615.40375117117,30930.692497657663,30510.307502342337,JUN26,JUN26,30720.5,30490.04144763997
NAS,29980.0,-0.018176662778729213,0.001510703103625457,0.0,0.0,0.0,0.0,0.0,0.0,30825.59624882883,30615.40375117117,30930.692497657663,30510.307502342337,JUN26,JUN26,30720.5,30490.04144763997
NAS,29990.0,-0.03754937418209814,0.001877468709104907,0.0,0.0,0.0,0.0,0.0,0.0,30825.59624882883,30615.40375117117,30930.692497657663,30510.307502342337,JUN26,JUN26,30720.5,30490.04144763997
NAS,30000.0,-1.061885033427698,0.18666649588002682,0.0,0.0,0.0,0.0,0.0,0.0,30825.59624882883,30615.40375117117,30930.692497657663,30510.307502342337,JUN26,JUN26,30720.5,30490.04144763997
NAS,30010.0,-2.538450342434457e-05,0.0006395705016937242,0.0,0.0,0.0,0.0,0.0,0.0,30825.59624882883,30615.40375117117,30930.692497657663,30510.307502342337,JUN26,JUN26,30720.5,30490.04144763997
NAS,30020.0,-0.14425466508071072,0.009815729494190139,0.0,0.0,0.0,0.0,0.0,0.0,30825.59624882883,30615.40375117117,30930.692497657663,30510.307502342337,JUN26,JUN26,30720.5,30490.04144763997
NAS,30025.0,-0.20832383736293347,0.01242090835793468,0.0,0.0,0.0,0.0,0.0,0.0,30825.59624882883,30615.40375117117,30930.692497657663,30510.307502342337,JUN26,JUN26,30720.5,30490.04144763997
NAS,30030.0,-0.04662882744437352,0.002331441372218676,0.0,0.0,0.0,0.0,0.0,0.0,30825.59624882883,30615.40375117117,30930.692497657663,30510.307502342337,JUN26,JUN26,30720.5,30490.04144763997
NAS,30040.0,-2.03789253826964e-05,0.0006777099654710871,0.0,0.0,0.0,0.0,0.0,0.0,30825.59624882883,30615.40375117117,30930.692497657663,30510.307502342337,JUN26,JUN26,30720.5,30490.04144763997
NAS,30050.0,-0.2765538181523591,0.040293366163755735,0.0,0.0,0.0,0.0,0.0,0.0,30825.59624882883,30615.40375117117,30930.692497657663,30510.307502342337,JUN26,JUN26,30720.5,30490.04144763997
NAS,30060.0,-0.0070491660824779905,0.0003524583041238995,0.0,0.0,0.0,0.0,0.0,0.0,30825.59624882883,30615.40375117117,30930.692497657663,30510.307502342337,JUN26,JUN26,30720.5,30490.04144763997
NAS,30075.0,-0.010216514275073169,0.015602798277318163,0.0,0.0,0.0,0.0,0.0,0.0,30825.59624882883,30615.40375117117,30930.692497657663,30510.307502342337,JUN26,JUN26,30720.5,30490.04144763997
NAS,30080.0,-0.058542068937116734,0.002927103446855837,0.0,0.0,0.0,0.0,0.0,0.0,30825.59624882883,30615.40375117117,30930.692497657663,30510.307502342337,JUN26,JUN26,30720.5,30490.04144763997
NAS,30090.0,-0.022368753177361648,0.0011184376588680824,0.0,0.0,0.0,0.0,0.0,0.0,30825.59624882883,30615.40375117117,30930.692497657663,30510.307502342337,JUN26,JUN26,30720.5,30490.04144763997
NAS,30100.0,-0.4081003067252146,0.047781555783490186,0.0,0.0,0.0,0.0,0.0,0.0,30825.59624882883,30615.40375117117,30930.692497657663,30510.307502342337,JUN26,JUN26,30720.5,30490.04144763997
NAS,30110.0,-0.22441256607302282,0.01199358988325085,0.0,0.0,0.0,0.0,0.0,0.0,30825.59624882883,30615.40375117117,30930.692497657663,30510.307502342337,JUN26,JUN26,30720.5,30490.04144763997
NAS,30120.0,-0.06306649203217952,0.004728303277290745,0.0,0.0,0.0,0.0,0.0,0.0,30825.59624882883,30615.40375117117,30930.692497657663,30510.307502342337,JUN26,JUN26,30720.5,30490.04144763997
NAS,30125.0,-0.35738434632179694,0.02372915340865534,0.0,0.0,0.0,0.0,0.0,0.0,30825.59624882883,30615.40375117117,30930.692497657663,30510.307502342337,JUN26,JUN26,30720.5,30490.04144763997
NAS,30130.0,-0.08028189453968385,0.004014094726984193,0.0,0.0,0.0,0.0,0.0,0.0,30825.59624882883,30615.40375117117,30930.692497657663,30510.307502342337,JUN26,JUN26,30720.5,30490.04144763997
NAS,30140.0,-0.06540221729702163,0.0032701108648510815,0.0,0.0,0.0,0.0,0.0,0.0,30825.59624882883,30615.40375117117,30930.692497657663,30510.307502342337,JUN26,JUN26,30720.5,30490.04144763997
NAS,30150.0,-0.3918596337643386,0.04358801359500295,0.0,0.0,0.0,0.0,0.0,0.0,30825.59624882883,30615.40375117117,30930.692497657663,30510.307502342337,JUN26,JUN26,30720.5,30490.04144763997
NAS,30160.0,-0.07628243255387848,0.003814121627693924,0.0,0.0,0.0,0.0,0.0,0.0,30825.59624882883,30615.40375117117,30930.692497657663,30510.307502342337,JUN26,JUN26,30720.5,30490.04144763997
NAS,30170.0,-0.060400612709617135,0.0030200306354808567,0.0,0.0,0.0,0.0,0.0,0.0,30825.59624882883,30615.40375117117,30930.692497657663,30510.307502342337,JUN26,JUN26,30720.5,30490.04144763997
NAS,30175.0,-0.3611681616053389,0.024778758542806117,0.0,0.0,0.0,0.0,0.0,0.0,30825.59624882883,30615.40375117117,30930.692497657663,30510.307502342337,JUN26,JUN26,30720.5,30490.04144763997
NAS,30180.0,-0.008076415699753762,0.003918772937112782,0.0,0.0,0.0,0.0,0.0,0.0,30825.59624882883,30615.40375117117,30930.692497657663,30510.307502342337,JUN26,JUN26,30720.5,30490.04144763997
NAS,30190.0,-0.04469720821706072,0.002234860410853036,0.0,0.0,0.0,0.0,0.0,0.0,30825.59624882883,30615.40375117117,30930.692497657663,30510.307502342337,JUN26,JUN26,30720.5,30490.04144763997
NAS,30200.0,-0.8283073668534432,0.12023193116849425,0.0,0.0,0.0,0.0,0.0,0.0,30825.59624882883,30615.40375117117,30930.692497657663,30510.307502342337,JUN26,JUN26,30720.5,30490.04144763997
NAS,30210.0,-0.027773856715584168,0.0013886928357792084,0.0,0.0,0.0,0.0,0.0,0.0,30825.59624882883,30615.40375117117,30930.692497657663,30510.307502342337,JUN26,JUN26,30720.5,30490.04144763997
NAS,30220.0,-0.009420451185081703,0.0004710225592540852,0.0,0.0,0.0,0.0,0.0,0.0,30825.59624882883,30615.40375117117,30930.692497657663,30510.307502342337,JUN26,JUN26,30720.5,30490.04144763997
NAS,30225.0,-0.1942608120879883,0.022329539480135528,0.0,0.0,0.0,0.0,0.0,0.0,30825.59624882883,30615.40375117117,30930.692497657663,30510.307502342337,JUN26,JUN26,30720.5,30490.04144763997
NAS,30230.0,-0.06704647317680154,0.005271386405289466,0.0,0.0,0.0,0.0,0.0,0.0,30825.59624882883,30615.40375117117,30930.692497657663,30510.307502342337,JUN26,JUN26,30720.5,30490.04144763997
NAS,30240.0,-0.23387836169260745,0.011693918084630373,0.0,0.0,0.0,0.0,0.0,0.0,30825.59624882883,30615.40375117117,30930.692497657663,30510.307502342337,JUN26,JUN26,30720.5,30490.04144763997
NAS,30250.0,0.769738953648102,0.15615621921128198,0.0,0.0,0.0,0.0,0.0,0.0,30825.59624882883,30615.40375117117,30930.692497657663,30510.307502342337,JUN26,JUN26,30720.5,30490.04144763997
NAS,30260.0,-0.036574188121749916,0.0028382530036271955,0.0,0.0,0.0,0.0,0.0,0.0,30825.59624882883,30615.40375117117,30930.692497657663,30510.307502342337,JUN26,JUN26,30720.5,30490.04144763997
NAS,30270.0,0.10666791636199788,0.008012408196135686,0.0,0.0,0.0,0.0,0.0,0.0,30825.59624882883,30615.40375117117,30930.692497657663,30510.307502342337,JUN26,JUN26,30720.5,30490.04144763997
NAS,30275.0,-0.6268878534757822,0.04641182927421235,0.0,0.0,0.0,0.0,0.0,0.0,30825.59624882883,30615.40375117117,30930.692497657663,30510.307502342337,JUN26,JUN26,30720.5,30490.04144763997
NAS,30280.0,0.0043266404628517895,0.006046928222845476,0.0,0.0,0.0,0.0,0.0,0.0,30825.59624882883,30615.40375117117,30930.692497657663,30510.307502342337,JUN26,JUN26,30720.5,30490.04144763997
NAS,30290.0,-0.010533694924200303,0.0037090095074190825,0.0,0.0,0.0,0.0,0.0,0.0,30825.59624882883,30615.40375117117,30930.692497657663,30510.307502342337,JUN26,JUN26,30720.5,30490.04144763997
NAS,30300.0,-0.8207711848942522,0.07415577940251704,0.0,0.0,0.0,0.0,0.0,0.0,30825.59624882883,30615.40375117117,30930.692497657663,30510.307502342337,JUN26,JUN26,30720.5,30490.04144763997
NAS,30310.0,8.536499671638748e-05,0.0032830459723605498,0.0,0.0,0.0,0.0,0.0,0.0,30825.59624882883,30615.40375117117,30930.692497657663,30510.307502342337,JUN26,JUN26,30720.5,30490.04144763997
NAS,30320.0,-0.06655179466014906,0.005554073009525178,0.0,0.0,0.0,0.0,0.0,0.0,30825.59624882883,30615.40375117117,30930.692497657663,30510.307502342337,JUN26,JUN26,30720.5,30490.04144763997
NAS,30325.0,0.39123194371800996,0.03983573222649048,0.0,0.0,0.0,0.0,0.0,0.0,30825.59624882883,30615.40375117117,30930.692497657663,30510.307502342337,JUN26,JUN26,30720.5,30490.04144763997
NAS,30330.0,-0.05982081951818146,0.008285954531832597,0.0,0.0,0.0,0.0,0.0,0.0,30825.59624882883,30615.40375117117,30930.692497657663,30510.307502342337,JUN26,JUN26,30720.5,30490.04144763997
NAS,30340.0,-0.07843070707889722,0.006219190283092206,0.0,0.0,0.0,0.0,0.0,0.0,30825.59624882883,30615.40375117117,30930.692497657663,30510.307502342337,JUN26,JUN26,30720.5,30490.04144763997
NAS,30350.0,-0.16633512399910244,0.06646279436921308,0.0,0.0,0.0,0.0,0.0,0.0,30825.59624882883,30615.40375117117,30930.692497657663,30510.307502342337,JUN26,JUN26,30720.5,30490.04144763997
NAS,30360.0,0.02381186885079036,0.007093894322365688,0.0,0.0,0.0,0.0,0.0,0.0,30825.59624882883,30615.40375117117,30930.692497657663,30510.307502342337,JUN26,JUN26,30720.5,30490.04144763997
NAS,30370.0,-0.18738115398108943,0.011771265309586363,0.0,0.0,0.0,0.0,0.0,0.0,30825.59624882883,30615.40375117117,30930.692497657663,30510.307502342337,JUN26,JUN26,30720.5,30490.04144763997
NAS,30375.0,0.12092589392726891,0.01921102814182125,0.0,0.0,0.0,0.0,0.0,0.0,30825.59624882883,30615.40375117117,30930.692497657663,30510.307502342337,JUN26,JUN26,30720.5,30490.04144763997
NAS,30380.0,-0.04828896221973511,0.01582250074812854,0.0,0.0,0.0,0.0,0.0,0.0,30825.59624882883,30615.40375117117,30930.692497657663,30510.307502342337,JUN26,JUN26,30720.5,30490.04144763997
NAS,30390.0,-0.10846808930668704,0.01037119196013781,0.0,0.0,0.0,0.0,0.0,0.0,30825.59624882883,30615.40375117117,30930.692497657663,30510.307502342337,JUN26,JUN26,30720.5,30490.04144763997
NAS,30400.0,-0.8809932639159589,0.12574357563191324,0.0,0.0,0.0,0.0,0.0,0.0,30825.59624882883,30615.40375117117,30930.692497657663,30510.307502342337,JUN26,JUN26,30720.5,30490.04144763997
NAS,30410.0,0.005548858556778398,0.0162660368880127,0.0,0.0,0.0,0.0,0.0,0.0,30825.59624882883,30615.40375117117,30930.692497657663,30510.307502342337,JUN26,JUN26,30720.5,30490.04144763997
NAS,30420.0,0.07239175771564696,0.007475264317594042,0.0,0.0,0.0,0.0,0.0,0.0,30825.59624882883,30615.40375117117,30930.692497657663,30510.307502342337,JUN26,JUN26,30720.5,30490.04144763997
NAS,30425.0,-8.94059874449983,0.4841911236529741,0.0,0.0,0.0,0.0,0.0,0.0,30825.59624882883,30615.40375117117,30930.692497657663,30510.307502342337,JUN26,JUN26,30720.5,30490.04144763997
NAS,30430.0,-0.04912384273962457,0.01421549876809463,0.0,0.0,0.0,0.0,0.0,0.0,30825.59624882883,30615.40375117117,30930.692497657663,30510.307502342337,JUN26,JUN26,30720.5,30490.04144763997
NAS,30440.0,-0.40406355769504415,0.0268257406284036,0.0,0.0,0.0,0.0,0.0,0.0,30825.59624882883,30615.40375117117,30930.692497657663,30510.307502342337,JUN26,JUN26,30720.5,30490.04144763997
NAS,30450.0,-0.2629324744430734,0.10538495018640279,0.0,0.0,0.0,0.0,0.0,0.0,30825.59624882883,30615.40375117117,30930.692497657663,30510.307502342337,JUN26,JUN26,30720.5,30490.04144763997
NAS,30460.0,-0.13538293810349022,0.007835524535240185,0.0,0.0,0.0,0.0,0.0,0.0,30825.59624882883,30615.40375117117,30930.692497657663,30510.307502342337,JUN26,JUN26,30720.5,30490.04144763997
NAS,30470.0,-0.17777100773251803,0.024018620334605525,0.0,0.0,0.0,0.0,0.0,0.0,30825.59624882883,30615.40375117117,30930.692497657663,30510.307502342337,JUN26,JUN26,30720.5,30490.04144763997
NAS,30475.0,-0.11252681587039998,0.03486205189969757,0.0,0.0,0.0,0.0,0.0,0.0,30825.59624882883,30615.40375117117,30930.692497657663,30510.307502342337,JUN26,JUN26,30720.5,30490.04144763997
NAS,30480.0,-0.07682022813657302,0.013590867668673717,0.0,0.0,0.0,0.0,0.0,0.0,30825.59624882883,30615.40375117117,30930.692497657663,30510.307502342337,JUN26,JUN26,30720.5,30490.04144763997
NAS,30490.0,-0.03552921043040176,0.01022989606905804,0.0,0.0,0.0,0.0,0.0,0.0,30825.59624882883,30615.40375117117,30930.692497657663,30510.307502342337,JUN26,JUN26,30720.5,30490.04144763997
NAS,30500.0,10.276776192668132,0.7346187424363972,0.0,0.0,0.0,0.0,747.0,0.0,30825.59624882883,30615.40375117117,30930.692497657663,30510.307502342337,JUN26,JUN26,30720.5,30490.04144763997
NAS,30510.0,-0.046338441697358415,0.00486664061692808,0.0,0.0,0.0,0.0,0.0,0.0,30825.59624882883,30615.40375117117,30930.692497657663,30510.307502342337,JUN26,JUN26,30720.5,30490.04144763997
NAS,30520.0,0.20129406238455563,0.02750300375907978,0.0,0.0,0.0,0.0,0.0,0.0,30825.59624882883,30615.40375117117,30930.692497657663,30510.307502342337,JUN26,JUN26,30720.5,30490.04144763997
NAS,30525.0,0.37494157116911825,0.055707655847988966,0.0,0.0,0.0,0.0,0.0,0.0,30825.59624882883,30615.40375117117,30930.692497657663,30510.307502342337,JUN26,JUN26,30720.5,30490.04144763997
NAS,30530.0,0.0812440183535133,0.014758932877417853,0.0,0.0,0.0,0.0,0.0,0.0,30825.59624882883,30615.40375117117,30930.692497657663,30510.307502342337,JUN26,JUN26,30720.5,30490.04144763997
NAS,30540.0,-0.09648254339831391,0.009294954109785002,0.0,0.0,0.0,0.0,0.0,0.0,30825.59624882883,30615.40375117117,30930.692497657663,30510.307502342337,JUN26,JUN26,30720.5,30490.04144763997
NAS,30550.0,-0.01623355551398496,0.08728257199217065,0.0,0.0,0.0,0.0,0.0,0.0,30825.59624882883,30615.40375117117,30930.692497657663,30510.307502342337,JUN26,JUN26,30720.5,30490.04144763997
NAS,30560.0,0.2814684885004622,0.026579694593921746,0.0,0.0,0.0,0.0,0.0,0.0,30825.59624882883,30615.40375117117,30930.692497657663,30510.307502342337,JUN26,JUN26,30720.5,30490.04144763997
NAS,30570.0,0.0697356011068161,0.024117586394240484,0.0,0.0,0.0,0.0,0.0,0.0,30825.59624882883,30615.40375117117,30930.692497657663,30510.307502342337,JUN26,JUN26,30720.5,30490.04144763997
NAS,30575.0,0.27780157317466775,0.04399415700571753,0.0,0.0,0.0,0.0,0.0,0.0,30825.59624882883,30615.40375117117,30930.692497657663,30510.307502342337,JUN26,JUN26,30720.5,30490.04144763997
NAS,30580.0,0.12786640934001592,0.010631289777003913,0.0,0.0,0.0,0.0,0.0,0.0,30825.59624882883,30615.40375117117,30930.692497657663,30510.307502342337,JUN26,JUN26,30720.5,30490.04144763997
NAS,30590.0,0.2234914126040508,0.034122402328192226,0.0,0.0,0.0,0.0,0.0,0.0,30825.59624882883,30615.40375117117,30930.692497657663,30510.307502342337,JUN26,JUN26,30720.5,30490.04144763997
NAS,30600.0,-0.3021955390696073,0.15223930137821237,0.0,0.0,0.0,0.0,0.0,0.0,30825.59624882883,30615.40375117117,30930.692497657663,30510.307502342337,JUN26,JUN26,30720.5,30490.04144763997
NAS,30610.0,0.38919211554755684,0.024208929417226438,0.0,0.0,0.0,0.0,0.0,0.0,30825.59624882883,30615.40375117117,30930.692497657663,30510.307502342337,JUN26,JUN26,30720.5,30490.04144763997
NAS,30620.0,0.2525005123508231,0.02059392768935414,0.0,0.0,0.0,0.0,0.0,0.0,30825.59624882883,30615.40375117117,30930.692497657663,30510.307502342337,JUN26,JUN26,30720.5,30490.04144763997
NAS,30625.0,0.6408246354453319,0.0676641730357293,0.0,0.0,0.0,0.0,0.0,0.0,30825.59624882883,30615.40375117117,30930.692497657663,30510.307502342337,JUN26,JUN26,30720.5,30490.04144763997
NAS,30630.0,0.1620361763902796,0.02856576703195692,0.0,0.0,0.0,0.0,0.0,0.0,30825.59624882883,30615.40375117117,30930.692497657663,30510.307502342337,JUN26,JUN26,30720.5,30490.04144763997
NAS,30640.0,0.24225245762244849,0.02947707584912129,0.0,0.0,0.0,0.0,0.0,0.0,30825.59624882883,30615.40375117117,30930.692497657663,30510.307502342337,JUN26,JUN26,30720.5,30490.04144763997
NAS,30650.0,-0.5127308166510187,0.12178002508036738,0.0,0.0,0.0,0.0,0.0,0.0,30825.59624882883,30615.40375117117,30930.692497657663,30510.307502342337,JUN26,JUN26,30720.5,30490.04144763997
NAS,30660.0,-0.10246778032526803,0.012911330589577701,0.0,0.0,0.0,0.0,0.0,0.0,30825.59624882883,30615.40375117117,30930.692497657663,30510.307502342337,JUN26,JUN26,30720.5,30490.04144763997
NAS,30670.0,-0.016099591218330433,0.010735207402695707,0.0,0.0,0.0,0.0,0.0,0.0,30825.59624882883,30615.40375117117,30930.692497657663,30510.307502342337,JUN26,JUN26,30720.5,30490.04144763997
NAS,30675.0,0.31934490110854274,0.02761601975605418,0.0,0.0,0.0,0.0,0.0,0.0,30825.59624882883,30615.40375117117,30930.692497657663,30510.307502342337,JUN26,JUN26,30720.5,30490.04144763997
NAS,30680.0,-0.10820256628782118,0.011167430837710735,0.0,0.0,0.0,0.0,0.0,0.0,30825.59624882883,30615.40375117117,30930.692497657663,30510.307502342337,JUN26,JUN26,30720.5,30490.04144763997
NAS,30690.0,-0.08272274382211764,0.02041780418966123,0.0,0.0,0.0,0.0,0.0,0.0,30825.59624882883,30615.40375117117,30930.692497657663,30510.307502342337,JUN26,JUN26,30720.5,30490.04144763997
NAS,30700.0,2.074218323989896,0.38873051823672206,0.0,0.0,0.0,0.0,0.0,0.0,30825.59624882883,30615.40375117117,30930.692497657663,30510.307502342337,JUN26,JUN26,30720.5,30490.04144763997
NAS,30710.0,-0.06691800467160836,0.011785914476625876,0.0,0.0,0.0,0.0,0.0,0.0,30825.59624882883,30615.40375117117,30930.692497657663,30510.307502342337,JUN26,JUN26,30720.5,30490.04144763997
NAS,30720.0,0.1190756255790889,0.016085096571491667,0.0,0.0,0.0,0.0,0.0,0.0,30825.59624882883,30615.40375117117,30930.692497657663,30510.307502342337,JUN26,JUN26,30720.5,30490.04144763997
NAS,30725.0,-0.3697211881519095,0.05958080792571274,0.0,0.0,365.75,13.0,0.0,7.0,30825.59624882883,30615.40375117117,30930.692497657663,30510.307502342337,JUN26,JUN26,30720.5,30490.04144763997
NAS,30730.0,-0.11006841418790811,0.026212949325380812,253.0,3.0,0.0,0.0,0.0,0.0,30825.59624882883,30615.40375117117,30930.692497657663,30510.307502342337,JUN26,JUN26,30720.5,30490.04144763997
NAS,30740.0,-0.050755228989757414,0.007654219100429803,0.0,0.0,0.0,0.0,0.0,0.0,30825.59624882883,30615.40375117117,30930.692497657663,30510.307502342337,JUN26,JUN26,30720.5,30490.04144763997
NAS,30750.0,-0.35369939986861704,0.1624737921527913,0.0,0.0,0.0,0.0,0.0,0.0,30825.59624882883,30615.40375117117,30930.692497657663,30510.307502342337,JUN26,JUN26,30720.5,30490.04144763997
NAS,30760.0,-0.05575758608596791,0.00574503245894083,0.0,0.0,0.0,0.0,0.0,0.0,30825.59624882883,30615.40375117117,30930.692497657663,30510.307502342337,JUN26,JUN26,30720.5,30490.04144763997
NAS,30770.0,0.004908787718820164,0.006150001292338017,0.0,0.0,0.0,0.0,0.0,0.0,30825.59624882883,30615.40375117117,30930.692497657663,30510.307502342337,JUN26,JUN26,30720.5,30490.04144763997
NAS,30775.0,0.24695394936192738,0.04887123865943367,0.0,0.0,0.0,0.0,0.0,0.0,30825.59624882883,30615.40375117117,30930.692497657663,30510.307502342337,JUN26,JUN26,30720.5,30490.04144763997
NAS,30780.0,-0.016914491473344874,0.006003135456419603,0.0,0.0,0.0,0.0,0.0,0.0,30825.59624882883,30615.40375117117,30930.692497657663,30510.307502342337,JUN26,JUN26,30720.5,30490.04144763997
NAS,30790.0,-0.016988582921305687,0.004288682479778624,0.0,0.0,0.0,0.0,0.0,0.0,30825.59624882883,30615.40375117117,30930.692497657663,30510.307502342337,JUN26,JUN26,30720.5,30490.04144763997
NAS,30800.0,1.5513541999963578,0.1837988265748035,0.0,0.0,0.0,0.0,0.0,0.0,30825.59624882883,30615.40375117117,30930.692497657663,30510.307502342337,JUN26,JUN26,30720.5,30490.04144763997
NAS,30810.0,0.2160639007676212,0.018444885125029578,0.0,0.0,0.0,0.0,0.0,0.0,30825.59624882883,30615.40375117117,30930.692497657663,30510.307502342337,JUN26,JUN26,30720.5,30490.04144763997
NAS,30820.0,0.00020702112163523828,0.005145124333305451,0.0,0.0,0.0,0.0,0.0,0.0,30825.59624882883,30615.40375117117,30930.692497657663,30510.307502342337,JUN26,JUN26,30720.5,30490.04144763997
NAS,30825.0,0.7989409938167332,0.04803708404218336,0.0,0.0,0.0,0.0,0.0,0.0,30825.59624882883,30615.40375117117,30930.692497657663,30510.307502342337,JUN26,JUN26,30720.5,30490.04144763997
NAS,30830.0,0.03439735999277226,0.003429419094658265,0.0,0.0,0.0,0.0,0.0,0.0,30825.59624882883,30615.40375117117,30930.692497657663,30510.307502342337,JUN26,JUN26,30720.5,30490.04144763997
NAS,30840.0,0.16208740094325916,0.008104370047162959,0.0,0.0,0.0,0.0,0.0,0.0,30825.59624882883,30615.40375117117,30930.692497657663,30510.307502342337,JUN26,JUN26,30720.5,30490.04144763997
NAS,30850.0,1.611728938174124,0.09983955170953988,0.0,0.0,0.0,0.0,0.0,0.0,30825.59624882883,30615.40375117117,30930.692497657663,30510.307502342337,JUN26,JUN26,30720.5,30490.04144763997
NAS,30860.0,0.18736926786089278,0.011064466735205187,0.0,0.0,0.0,0.0,0.0,0.0,30825.59624882883,30615.40375117117,30930.692497657663,30510.307502342337,JUN26,JUN26,30720.5,30490.04144763997
NAS,30870.0,0.050870279939827366,0.0025435139969913687,0.0,0.0,0.0,0.0,0.0,0.0,30825.59624882883,30615.40375117117,30930.692497657663,30510.307502342337,JUN26,JUN26,30720.5,30490.04144763997
NAS,30875.0,0.6085267674499122,0.046906549890394444,0.0,0.0,0.0,0.0,0.0,0.0,30825.59624882883,30615.40375117117,30930.692497657663,30510.307502342337,JUN26,JUN26,30720.5,30490.04144763997
NAS,30880.0,0.38399966729049123,0.019199983364524564,0.0,0.0,0.0,0.0,0.0,0.0,30825.59624882883,30615.40375117117,30930.692497657663,30510.307502342337,JUN26,JUN26,30720.5,30490.04144763997
NAS,30890.0,1.348492634944316,0.0674246317472158,0.0,0.0,0.0,0.0,0.0,0.0,30825.59624882883,30615.40375117117,30930.692497657663,30510.307502342337,JUN26,JUN26,30720.5,30490.04144763997
NAS,30900.0,0.34455380758826476,0.05918435078734078,0.0,0.0,0.0,0.0,0.0,0.0,30825.59624882883,30615.40375117117,30930.692497657663,30510.307502342337,JUN26,JUN26,30720.5,30490.04144763997
NAS,30910.0,0.18274920018024296,0.009137460009012149,0.0,0.0,0.0,0.0,0.0,0.0,30825.59624882883,30615.40375117117,30930.692497657663,30510.307502342337,JUN26,JUN26,30720.5,30490.04144763997
NAS,30920.0,0.033043633065189634,0.0032950788414817466,0.0,0.0,0.0,0.0,0.0,0.0,30825.59624882883,30615.40375117117,30930.692497657663,30510.307502342337,JUN26,JUN26,30720.5,30490.04144763997
NAS,30925.0,0.16704967315457878,0.012421288888312666,0.0,0.0,0.0,0.0,0.0,0.0,30825.59624882883,30615.40375117117,30930.692497657663,30510.307502342337,JUN26,JUN26,30720.5,30490.04144763997
NAS,30930.0,0.03273223262393834,0.001636611631196917,0.0,0.0,0.0,0.0,0.0,0.0,30825.59624882883,30615.40375117117,30930.692497657663,30510.307502342337,JUN26,JUN26,30720.5,30490.04144763997
NAS,30940.0,0.08119410534707303,0.004059705267353652,0.0,0.0,0.0,0.0,0.0,0.0,30825.59624882883,30615.40375117117,30930.692497657663,30510.307502342337,JUN26,JUN26,30720.5,30490.04144763997
NAS,30950.0,0.4116511796006926,0.028549399118600976,0.0,0.0,0.0,0.0,0.0,0.0,30825.59624882883,30615.40375117117,30930.692497657663,30510.307502342337,JUN26,JUN26,30720.5,30490.04144763997
NAS,30960.0,3.724304670480599e-05,0.0015918307445913823,0.0,0.0,0.0,0.0,0.0,0.0,30825.59624882883,30615.40375117117,30930.692497657663,30510.307502342337,JUN26,JUN26,30720.5,30490.04144763997
NAS,30970.0,0.01659120555470664,0.02442081277738841,0.0,0.0,0.0,0.0,0.0,0.0,30825.59624882883,30615.40375117117,30930.692497657663,30510.307502342337,JUN26,JUN26,30720.5,30490.04144763997
NAS,30975.0,1.2752133032349144,0.07243280244046983,0.0,0.0,0.0,0.0,0.0,0.0,30825.59624882883,30615.40375117117,30930.692497657663,30510.307502342337,JUN26,JUN26,30720.5,30490.04144763997
NAS,30980.0,0.48374856712683967,0.024187428356341984,0.0,0.0,0.0,0.0,0.0,0.0,30825.59624882883,30615.40375117117,30930.692497657663,30510.307502342337,JUN26,JUN26,30720.5,30490.04144763997
NAS,30990.0,0.03084977997421051,0.0015424889987105256,0.0,0.0,0.0,0.0,0.0,0.0,30825.59624882883,30615.40375117117,30930.692497657663,30510.307502342337,JUN26,JUN26,30720.5,30490.04144763997
NAS,31000.0,2.418157592431319,0.19029532376394068,0.0,0.0,0.0,0.0,0.0,0.0,30825.59624882883,30615.40375117117,30930.692497657663,30510.307502342337,JUN26,JUN26,30720.5,30490.04144763997
NAS,31010.0,0.19548693684114848,0.009774346842057424,0.0,0.0,0.0,0.0,0.0,0.0,30825.59624882883,30615.40375117117,30930.692497657663,30510.307502342337,JUN26,JUN26,30720.5,30490.04144763997
NAS,31020.0,0.029631805638831162,0.001481590281941558,0.0,0.0,0.0,0.0,0.0,0.0,30825.59624882883,30615.40375117117,30930.692497657663,30510.307502342337,JUN26,JUN26,30720.5,30490.04144763997
NAS,31025.0,1.2474001700662682,0.06237000850331341,0.0,0.0,0.0,0.0,0.0,0.0,30825.59624882883,30615.40375117117,30930.692497657663,30510.307502342337,JUN26,JUN26,30720.5,30490.04144763997
NAS,31030.0,0.043813923270022384,0.0021906961635011196,0.0,0.0,0.0,0.0,0.0,0.0,30825.59624882883,30615.40375117117,30930.692497657663,30510.307502342337,JUN26,JUN26,30720.5,30490.04144763997
NAS,31040.0,0.11500523137535258,0.005750261568767629,0.0,0.0,0.0,0.0,0.0,0.0,30825.59624882883,30615.40375117117,30930.692497657663,30510.307502342337,JUN26,JUN26,30720.5,30490.04144763997
NAS,31050.0,2.3190182677721505,0.12446679166118635,0.0,0.0,0.0,0.0,0.0,0.0,30825.59624882883,30615.40375117117,30930.692497657663,30510.307502342337,JUN26,JUN26,30720.5,30490.04144763997
NAS,31060.0,0.027786543682644747,0.0013893271841322373,0.0,0.0,0.0,0.0,0.0,0.0,30825.59624882883,30615.40375117117,30930.692497657663,30510.307502342337,JUN26,JUN26,30720.5,30490.04144763997
NAS,31070.0,0.10914785502688623,0.006818835313946968,0.0,0.0,0.0,0.0,0.0,0.0,30825.59624882883,30615.40375117117,30930.692497657663,30510.307502342337,JUN26,JUN26,30720.5,30490.04144763997
NAS,31075.0,0.2310496234695445,0.011552481173477226,0.0,0.0,0.0,0.0,0.0,0.0,30825.59624882883,30615.40375117117,30930.692497657663,30510.307502342337,JUN26,JUN26,30720.5,30490.04144763997
NAS,31080.0,0.09367433479397191,0.004683716739698596,0.0,0.0,0.0,0.0,0.0,0.0,30825.59624882883,30615.40375117117,30930.692497657663,30510.307502342337,JUN26,JUN26,30720.5,30490.04144763997
NAS,31090.0,0.052446918350485365,0.0026223459175242683,0.0,0.0,0.0,0.0,0.0,0.0,30825.59624882883,30615.40375117117,30930.692497657663,30510.307502342337,JUN26,JUN26,30720.5,30490.04144763997
NAS,31100.0,2.3320453666581407,0.1410902892697106,0.0,0.0,0.0,0.0,0.0,0.0,30825.59624882883,30615.40375117117,30930.692497657663,30510.307502342337,JUN26,JUN26,30720.5,30490.04144763997
NAS,31110.0,0.03766007656041337,0.0018830038280206684,0.0,0.0,0.0,0.0,0.0,0.0,30825.59624882883,30615.40375117117,30930.692497657663,30510.307502342337,JUN26,JUN26,30720.5,30490.04144763997
NAS,31120.0,0.2330794061238708,0.01165397030619354,0.0,0.0,0.0,0.0,0.0,0.0,30825.59624882883,30615.40375117117,30930.692497657663,30510.307502342337,JUN26,JUN26,30720.5,30490.04144763997
NAS,31125.0,0.29082343448785836,0.017467642574932364,0.0,0.0,0.0,0.0,0.0,0.0,30825.59624882883,30615.40375117117,30930.692497657663,30510.307502342337,JUN26,JUN26,30720.5,30490.04144763997
NAS,31130.0,0.4071042580094278,0.02035521290047139,0.0,0.0,0.0,0.0,0.0,0.0,30825.59624882883,30615.40375117117,30930.692497657663,30510.307502342337,JUN26,JUN26,30720.5,30490.04144763997
NAS,31140.0,0.28023197422485846,0.014011598711242922,0.0,0.0,0.0,0.0,0.0,0.0,30825.59624882883,30615.40375117117,30930.692497657663,30510.307502342337,JUN26,JUN26,30720.5,30490.04144763997
NAS,31150.0,1.1616168821135304,0.06112468750506195,0.0,0.0,0.0,0.0,0.0,0.0,30825.59624882883,30615.40375117117,30930.692497657663,30510.307502342337,JUN26,JUN26,30720.5,30490.04144763997
NAS,31160.0,0.17700961803975113,0.008850480901987557,0.0,0.0,0.0,0.0,0.0,0.0,30825.59624882883,30615.40375117117,30930.692497657663,30510.307502342337,JUN26,JUN26,30720.5,30490.04144763997
NAS,31170.0,0.0968189479521451,0.004840947397607255,0.0,0.0,0.0,0.0,0.0,0.0,30825.59624882883,30615.40375117117,30930.692497657663,30510.307502342337,JUN26,JUN26,30720.5,30490.04144763997
NAS,31175.0,0.3278242985297067,0.016391214926485334,0.0,0.0,0.0,0.0,0.0,0.0,30825.59624882883,30615.40375117117,30930.692497657663,30510.307502342337,JUN26,JUN26,30720.5,30490.04144763997
NAS,31180.0,0.1356957882505987,0.006784789412529935,0.0,0.0,0.0,0.0,0.0,0.0,30825.59624882883,30615.40375117117,30930.692497657663,30510.307502342337,JUN26,JUN26,30720.5,30490.04144763997
NAS,31190.0,0.18220877258471518,0.00911043862923576,0.0,0.0,0.0,0.0,0.0,0.0,30825.59624882883,30615.40375117117,30930.692497657663,30510.307502342337,JUN26,JUN26,30720.5,30490.04144763997
NAS,31200.0,2.010190875369471,0.1167498094553115,0.0,0.0,0.0,0.0,0.0,0.0,30825.59624882883,30615.40375117117,30930.692497657663,30510.307502342337,JUN26,JUN26,30720.5,30490.04144763997
NAS,31210.0,0.10440059971090923,0.005220029985545461,0.0,0.0,0.0,0.0,0.0,0.0,30825.59624882883,30615.40375117117,30930.692497657663,30510.307502342337,JUN26,JUN26,30720.5,30490.04144763997
NAS,31225.0,0.3965052333831418,0.019825261669157088,0.0,0.0,0.0,0.0,0.0,0.0,30825.59624882883,30615.40375117117,30930.692497657663,30510.307502342337,JUN26,JUN26,30720.5,30490.04144763997
NAS,31250.0,1.7654958171848376,0.1103722325011216,0.0,0.0,0.0,0.0,0.0,0.0,30825.59624882883,30615.40375117117,30930.692497657663,30510.307502342337,JUN26,JUN26,30720.5,30490.04144763997
NAS,31275.0,0.36110563017271435,0.018055281508635716,0.0,0.0,0.0,0.0,0.0,0.0,30825.59624882883,30615.40375117117,30930.692497657663,30510.307502342337,JUN26,JUN26,30720.5,30490.04144763997
NAS,31300.0,1.2475554845482228,0.07053945440559437,0.0,0.0,0.0,0.0,0.0,0.0,30825.59624882883,30615.40375117117,30930.692497657663,30510.307502342337,JUN26,JUN26,30720.5,30490.04144763997
NAS,31325.0,0.27611278298263736,0.013805639149131868,0.0,0.0,0.0,0.0,0.0,0.0,30825.59624882883,30615.40375117117,30930.692497657663,30510.307502342337,JUN26,JUN26,30720.5,30490.04144763997
NAS,31350.0,0.868970872113927,0.04418934281957802,0.0,0.0,0.0,0.0,0.0,0.0,30825.59624882883,30615.40375117117,30930.692497657663,30510.307502342337,JUN26,JUN26,30720.5,30490.04144763997
NAS,31375.0,0.17991806910987093,0.008995903455493545,0.0,0.0,0.0,0.0,0.0,0.0,30825.59624882883,30615.40375117117,30930.692497657663,30510.307502342337,JUN26,JUN26,30720.5,30490.04144763997
NAS,31400.0,1.6809652437048925,0.10151787248633487,0.0,0.0,0.0,0.0,0.0,0.0,30825.59624882883,30615.40375117117,30930.692497657663,30510.307502342337,JUN26,JUN26,30720.5,30490.04144763997
NAS,31425.0,0.09933989859227339,0.005721084860837297,0.0,0.0,0.0,0.0,0.0,0.0,30825.59624882883,30615.40375117117,30930.692497657663,30510.307502342337,JUN26,JUN26,30720.5,30490.04144763997
NAS,31450.0,0.3006681382318678,0.015364517391085082,0.0,0.0,0.0,0.0,0.0,0.0,30825.59624882883,30615.40375117117,30930.692497657663,30510.307502342337,JUN26,JUN26,30720.5,30490.04144763997
NAS,31475.0,0.053464940363087264,0.002673247018154363,0.0,0.0,0.0,0.0,0.0,0.0,30825.59624882883,30615.40375117117,30930.692497657663,30510.307502342337,JUN26,JUN26,30720.5,30490.04144763997
NAS,31500.0,0.8894883398076936,0.07174215618244859,0.0,0.0,0.0,0.0,0.0,0.0,30825.59624882883,30615.40375117117,30930.692497657663,30510.307502342337,JUN26,JUN26,30720.5,30490.04144763997
NAS,31525.0,0.03472846319552478,0.001736423159776239,0.0,0.0,0.0,0.0,0.0,0.0,30825.59624882883,30615.40375117117,30930.692497657663,30510.307502342337,JUN26,JUN26,30720.5,30490.04144763997
NAS,31550.0,0.40942361512161757,0.021076482176657217,0.0,0.0,0.0,0.0,0.0,0.0,30825.59624882883,30615.40375117117,30930.692497657663,30510.307502342337,JUN26,JUN26,30720.5,30490.04144763997
NAS,31575.0,0.030698605891234902,0.0017147363290440237,0.0,0.0,0.0,0.0,0.0,0.0,30825.59624882883,30615.40375117117,30930.692497657663,30510.307502342337,JUN26,JUN26,30720.5,30490.04144763997
NAS,31600.0,1.1189007707641623,0.06583568967659219,0.0,0.0,0.0,0.0,0.0,0.0,30825.59624882883,30615.40375117117,30930.692497657663,30510.307502342337,JUN26,JUN26,30720.5,30490.04144763997
NAS,31625.0,0.03896092587639258,0.0019480462938196285,0.0,0.0,0.0,0.0,0.0,0.0,30825.59624882883,30615.40375117117,30930.692497657663,30510.307502342337,JUN26,JUN26,30720.5,30490.04144763997
NAS,31650.0,0.26901023192387097,0.013450511596193548,0.0,0.0,0.0,0.0,0.0,0.0,30825.59624882883,30615.40375117117,30930.692497657663,30510.307502342337,JUN26,JUN26,30720.5,30490.04144763997
NAS,31675.0,0.03165048862712567,0.0015825244313562835,0.0,0.0,0.0,0.0,0.0,0.0,30825.59624882883,30615.40375117117,30930.692497657663,30510.307502342337,JUN26,JUN26,30720.5,30490.04144763997
NAS,31700.0,0.7013132846060101,0.04218828945993852,0.0,0.0,0.0,0.0,0.0,0.0,30825.59624882883,30615.40375117117,30930.692497657663,30510.307502342337,JUN26,JUN26,30720.5,30490.04144763997
NAS,31725.0,0.09370533945154425,0.004685266972577213,0.0,0.0,0.0,0.0,0.0,0.0,30825.59624882883,30615.40375117117,30930.692497657663,30510.307502342337,JUN26,JUN26,30720.5,30490.04144763997
NAS,31750.0,0.5952533352923824,0.03629657322613556,0.0,0.0,0.0,0.0,0.0,0.0,30825.59624882883,30615.40375117117,30930.692497657663,30510.307502342337,JUN26,JUN26,30720.5,30490.04144763997
NAS,31775.0,0.03907159197244515,0.0019535795986222572,0.0,0.0,0.0,0.0,0.0,0.0,30825.59624882883,30615.40375117117,30930.692497657663,30510.307502342337,JUN26,JUN26,30720.5,30490.04144763997
NAS,31800.0,0.913651335891917,0.0502582407261626,0.0,0.0,0.0,0.0,0.0,0.0,30825.59624882883,30615.40375117117,30930.692497657663,30510.307502342337,JUN26,JUN26,30720.5,30490.04144763997
NAS,31850.0,0.27334222336915326,0.013667111168457662,0.0,0.0,0.0,0.0,0.0,0.0,30825.59624882883,30615.40375117117,30930.692497657663,30510.307502342337,JUN26,JUN26,30720.5,30490.04144763997
NAS,31900.0,0.46381901585789465,0.02501239284910962,0.0,0.0,0.0,0.0,0.0,0.0,30825.59624882883,30615.40375117117,30930.692497657663,30510.307502342337,JUN26,JUN26,30720.5,30490.04144763997
NAS,31950.0,0.14626852677596203,0.007313426338798102,0.0,0.0,0.0,0.0,0.0,0.0,30825.59624882883,30615.40375117117,30930.692497657663,30510.307502342337,JUN26,JUN26,30720.5,30490.04144763997
NAS,32000.0,1.0206229674391654,0.06369395565134481,0.0,0.0,0.0,0.0,0.0,0.0,30825.59624882883,30615.40375117117,30930.692497657663,30510.307502342337,JUN26,JUN26,30720.5,30490.04144763997
NAS,32050.0,0.24454223753060902,0.012227111876530451,0.0,0.0,0.0,0.0,0.0,0.0,30825.59624882883,30615.40375117117,30930.692497657663,30510.307502342337,JUN26,JUN26,30720.5,30490.04144763997
NAS,32100.0,0.36200755733226925,0.018432973807051223,0.0,0.0,0.0,0.0,0.0,0.0,30825.59624882883,30615.40375117117,30930.692497657663,30510.307502342337,JUN26,JUN26,30720.5,30490.04144763997
NAS,32150.0,0.11688392657983737,0.005844196328991869,0.0,0.0,0.0,0.0,0.0,0.0,30825.59624882883,30615.40375117117,30930.692497657663,30510.307502342337,JUN26,JUN26,30720.5,30490.04144763997
NAS,32200.0,0.14075785931348186,0.009673610055437095,0.0,0.0,0.0,0.0,0.0,0.0,30825.59624882883,30615.40375117117,30930.692497657663,30510.307502342337,JUN26,JUN26,30720.5,30490.04144763997
NAS,32250.0,0.2378105130308173,0.01563126885898119,0.0,0.0,0.0,0.0,0.0,0.0,30825.59624882883,30615.40375117117,30930.692497657663,30510.307502342337,JUN26,JUN26,30720.5,30490.04144763997
NAS,32300.0,0.5154964230980242,0.025774821154901213,0.0,0.0,0.0,0.0,0.0,0.0,30825.59624882883,30615.40375117117,30930.692497657663,30510.307502342337,JUN26,JUN26,30720.5,30490.04144763997
NAS,32350.0,0.021508283134550128,0.0010754141567275064,0.0,0.0,0.0,0.0,0.0,0.0,30825.59624882883,30615.40375117117,30930.692497657663,30510.307502342337,JUN26,JUN26,30720.5,30490.04144763997
NAS,32400.0,0.12731626413227357,0.007876381866470054,0.0,0.0,0.0,0.0,0.0,0.0,30825.59624882883,30615.40375117117,30930.692497657663,30510.307502342337,JUN26,JUN26,30720.5,30490.04144763997
NAS,32500.0,0.8608594965224365,0.044474572942960554,0.0,0.0,0.0,0.0,0.0,0.0,30825.59624882883,30615.40375117117,30930.692497657663,30510.307502342337,JUN26,JUN26,30720.5,30490.04144763997
NAS,32600.0,0.023589469140104995,0.0019973613274675713,0.0,0.0,0.0,0.0,0.0,0.0,30825.59624882883,30615.40375117117,30930.692497657663,30510.307502342337,JUN26,JUN26,30720.5,30490.04144763997
NAS,32700.0,0.09468356650919017,0.005506547792149082,0.0,0.0,0.0,0.0,0.0,0.0,30825.59624882883,30615.40375117117,30930.692497657663,30510.307502342337,JUN26,JUN26,30720.5,30490.04144763997
NAS,32750.0,0.23317011947643962,0.013577393017402191,0.0,0.0,0.0,0.0,0.0,0.0,30825.59624882883,30615.40375117117,30930.692497657663,30510.307502342337,JUN26,JUN26,30720.5,30490.04144763997
NAS,32800.0,0.2532091966008941,0.013387027166850125,0.0,0.0,0.0,0.0,0.0,0.0,30825.59624882883,30615.40375117117,30930.692497657663,30510.307502342337,JUN26,JUN26,30720.5,30490.04144763997
NAS,32900.0,0.014668889852483383,0.0007334444926241693,0.0,0.0,0.0,0.0,0.0,0.0,30825.59624882883,30615.40375117117,30930.692497657663,30510.307502342337,JUN26,JUN26,30720.5,30490.04144763997
NAS,33000.0,0.8988398926132737,0.04494199463066369,0.0,0.0,0.0,0.0,0.0,0.0,30825.59624882883,30615.40375117117,30930.692497657663,30510.307502342337,JUN26,JUN26,30720.5,30490.04144763997
NAS,33100.0,0.018273015133144714,0.0009136507566572356,0.0,0.0,0.0,0.0,0.0,0.0,30825.59624882883,30615.40375117117,30930.692497657663,30510.307502342337,JUN26,JUN26,30720.5,30490.04144763997
NAS,33250.0,0.9102862675494775,0.04551431337747387,0.0,0.0,0.0,0.0,0.0,0.0,30825.59624882883,30615.40375117117,30930.692497657663,30510.307502342337,JUN26,JUN26,30720.5,30490.04144763997
NAS,33500.0,0.43867122725162155,0.021933561362581077,0.0,0.0,0.0,0.0,0.0,0.0,30825.59624882883,30615.40375117117,30930.692497657663,30510.307502342337,JUN26,JUN26,30720.5,30490.04144763997
NAS,33750.0,0.12437316318937099,0.00621865815946855,0.0,0.0,0.0,0.0,0.0,0.0,30825.59624882883,30615.40375117117,30930.692497657663,30510.307502342337,JUN26,JUN26,30720.5,30490.04144763997
NAS,34000.0,0.6225964837614658,0.031129824188073293,0.0,0.0,0.0,0.0,0.0,0.0,30825.59624882883,30615.40375117117,30930.692497657663,30510.307502342337,JUN26,JUN26,30720.5,30490.04144763997
NAS,34250.0,0.1652615928045916,0.00826307964022958,0.0,0.0,0.0,0.0,0.0,0.0,30825.59624882883,30615.40375117117,30930.692497657663,30510.307502342337,JUN26,JUN26,30720.5,30490.04144763997
NAS,34500.0,0.47784118096877354,0.023892059048438673,0.0,0.0,0.0,0.0,0.0,0.0,30825.59624882883,30615.40375117117,30930.692497657663,30510.307502342337,JUN26,JUN26,30720.5,30490.04144763997
NAS,34750.0,0.05411528770950443,0.0027057643854752214,0.0,0.0,0.0,0.0,0.0,0.0,30825.59624882883,30615.40375117117,30930.692497657663,30510.307502342337,JUN26,JUN26,30720.5,30490.04144763997
NAS,35000.0,0.5842061345165387,0.029210306725826935,0.0,0.0,0.0,0.0,0.0,0.0,30825.59624882883,30615.40375117117,30930.692497657663,30510.307502342337,JUN26,JUN26,30720.5,30490.04144763997
NAS,35250.0,0.06211485830347639,0.0031057429151738194,0.0,0.0,0.0,0.0,0.0,0.0,30825.59624882883,30615.40375117117,30930.692497657663,30510.307502342337,JUN26,JUN26,30720.5,30490.04144763997
NAS,35500.0,0.3871326471164495,0.019356632355822478,0.0,0.0,0.0,0.0,0.0,0.0,30825.59624882883,30615.40375117117,30930.692497657663,30510.307502342337,JUN26,JUN26,30720.5,30490.04144763997
NAS,35750.0,0.0414150142829155,0.002070750714145775,0.0,0.0,0.0,0.0,0.0,0.0,30825.59624882883,30615.40375117117,30930.692497657663,30510.307502342337,JUN26,JUN26,30720.5,30490.04144763997
NAS,36000.0,1.0348613840818235,0.05174306920409118,0.0,0.0,0.0,0.0,0.0,0.0,30825.59624882883,30615.40375117117,30930.692497657663,30510.307502342337,JUN26,JUN26,30720.5,30490.04144763997
NAS,36250.0,0.03741532435998363,0.001870766217999182,0.0,0.0,0.0,0.0,0.0,0.0,30825.59624882883,30615.40375117117,30930.692497657663,30510.307502342337,JUN26,JUN26,30720.5,30490.04144763997
NAS,36500.0,0.0757611378840317,0.003788056894201585,0.0,0.0,0.0,0.0,0.0,0.0,30825.59624882883,30615.40375117117,30930.692497657663,30510.307502342337,JUN26,JUN26,30720.5,30490.04144763997
NAS,36750.0,0.08596081276827595,0.004298040638413797,0.0,0.0,0.0,0.0,0.0,0.0,30825.59624882883,30615.40375117117,30930.692497657663,30510.307502342337,JUN26,JUN26,30720.5,30490.04144763997
NAS,37000.0,0.1608850663946111,0.008044253319730554,0.0,0.0,0.0,0.0,0.0,0.0,30825.59624882883,30615.40375117117,30930.692497657663,30510.307502342337,JUN26,JUN26,30720.5,30490.04144763997
NAS,37500.0,0.2092179687398351,0.010460898436991755,0.0,0.0,0.0,0.0,0.0,0.0,30825.59624882883,30615.40375117117,30930.692497657663,30510.307502342337,JUN26,JUN26,30720.5,30490.04144763997
NAS,38000.0,0.16435407519291884,0.008217703759645941,0.0,0.0,0.0,0.0,0.0,0.0,30825.59624882883,30615.40375117117,30930.692497657663,30510.307502342337,JUN26,JUN26,30720.5,30490.04144763997
NAS,38500.0,0.11119987614319833,0.005559993807159916,0.0,0.0,0.0,0.0,0.0,0.0,30825.59624882883,30615.40375117117,30930.692497657663,30510.307502342337,JUN26,JUN26,30720.5,30490.04144763997
NAS,39000.0,0.0553947830443275,0.002769739152216375,0.0,0.0,0.0,0.0,0.0,0.0,30825.59624882883,30615.40375117117,30930.692497657663,30510.307502342337,JUN26,JUN26,30720.5,30490.04144763997
NAS,39500.0,0.044062682326333376,0.002203134116316669,0.0,0.0,0.0,0.0,0.0,0.0,30825.59624882883,30615.40375117117,30930.692497657663,30510.307502342337,JUN26,JUN26,30720.5,30490.04144763997
NAS,40000.0,0.09583950026953356,0.0047919750134766785,0.0,0.0,0.0,0.0,0.0,0.0,30825.59624882883,30615.40375117117,30930.692497657663,30510.307502342337,JUN26,JUN26,30720.5,30490.04144763997
NAS,40500.0,0.16820604166001157,0.008410302083000578,0.0,0.0,0.0,0.0,0.0,0.0,30825.59624882883,30615.40375117117,30930.692497657663,30510.307502342337,JUN26,JUN26,30720.5,30490.04144763997
NAS,41000.0,0.1676273138645717,0.008381365693228584,0.0,0.0,0.0,0.0,0.0,0.0,30825.59624882883,30615.40375117117,30930.692497657663,30510.307502342337,JUN26,JUN26,30720.5,30490.04144763997
NAS,41500.0,0.04195415148865411,0.0020977075744327057,0.0,0.0,0.0,0.0,0.0,0.0,30825.59624882883,30615.40375117117,30930.692497657663,30510.307502342337,JUN26,JUN26,30720.5,30490.04144763997
NAS,42000.0,0.1013840988852511,0.005069204944262555,0.0,0.0,0.0,0.0,0.0,0.0,30825.59624882883,30615.40375117117,30930.692497657663,30510.307502342337,JUN26,JUN26,30720.5,30490.04144763997
NAS,42500.0,0.013753105635602437,0.0006876552817801218,0.0,0.0,0.0,0.0,0.0,0.0,30825.59624882883,30615.40375117117,30930.692497657663,30510.307502342337,JUN26,JUN26,30720.5,30490.04144763997
NAS,43000.0,0.03382913362224769,0.0016914566811123844,0.0,0.0,0.0,0.0,0.0,0.0,30825.59624882883,30615.40375117117,30930.692497657663,30510.307502342337,JUN26,JUN26,30720.5,30490.04144763997
NAS,43500.0,0.009845237376418785,0.0004922618688209393,0.0,0.0,0.0,0.0,0.0,0.0,30825.59624882883,30615.40375117117,30930.692497657663,30510.307502342337,JUN26,JUN26,30720.5,30490.04144763997
NAS,44000.0,0.007496008248909036,0.00037480041244545176,0.0,0.0,0.0,0.0,0.0,0.0,30825.59624882883,30615.40375117117,30930.692497657663,30510.307502342337,JUN26,JUN26,30720.5,30490.04144763997
NAS,44500.0,0.004565953436333157,0.00022829767181665786,0.0,0.0,0.0,0.0,0.0,0.0,30825.59624882883,30615.40375117117,30930.692497657663,30510.307502342337,JUN26,JUN26,30720.5,30490.04144763997
